,gene1,gene2,value,gene_pair
0,CD41/ITGA2B,GATA1,0.848893000446408,CD41/ITGA2B & GATA1
1,RUNX1,TGFB1,0.83022699855436,RUNX1 & TGFB1
2,LSD1/KDM1A,RUNX1,0.821758008067352,LSD1/KDM1A & RUNX1
3,CD41/ITGA2B,TGFB1,0.807979297058849,CD41/ITGA2B & TGFB1
4,ANK1,CD41/ITGA2B,0.786812704045454,ANK1 & CD41/ITGA2B
5,MCL1,RUNX1,0.761457452660288,MCL1 & RUNX1
6,ANK1,GATA1,0.750662834030953,ANK1 & GATA1
7,CD71/TFRC,LSD1/KDM1A,0.74237696989725,CD71/TFRC & LSD1/KDM1A
8,MCL1,TGFB1,0.719826404599739,MCL1 & TGFB1
9,DDB1,LSD1/KDM1A,0.689472010670013,DDB1 & LSD1/KDM1A
10,LSD1/KDM1A,TGFB1,0.688103547222372,LSD1/KDM1A & TGFB1
11,EIF4EBP1,LSD1/KDM1A,0.680206089008523,EIF4EBP1 & LSD1/KDM1A
12,CDK6,LSD1/KDM1A,0.674943102494651,CDK6 & LSD1/KDM1A
13,LSD1/KDM1A,MCL1,0.666587758796081,LSD1/KDM1A & MCL1
14,ANK1,CD71/TFRC,0.648210942210469,ANK1 & CD71/TFRC
15,DDB1,RUNX1,0.638049918373924,DDB1 & RUNX1
16,CD42/GP1BA,TGFB1,0.632164559929881,CD42/GP1BA & TGFB1
17,CD71/TFRC,CNRIP1,0.626684244584489,CD71/TFRC & CNRIP1
18,CD41/ITGA2B,CD61/ITGB3,0.625109126569344,CD41/ITGA2B & CD61/ITGB3
19,CDK6,RUNX1,0.620548000224162,CDK6 & RUNX1
20,ANK1,CNRIP1,0.609669573929666,ANK1 & CNRIP1
21,CD41/ITGA2B,CD71/TFRC,0.608119578794523,CD41/ITGA2B & CD71/TFRC
22,CD71/TFRC,GATA1,0.607609914206818,CD71/TFRC & GATA1
23,CNRIP1,GATA1,0.602492548398182,CNRIP1 & GATA1
24,CDK6,MCL1,0.595358907249775,CDK6 & MCL1
25,CD71/TFRC,TGFB1,0.593516275993528,CD71/TFRC & TGFB1
26,CD117/KIT,LSD1/KDM1A,0.592961195989325,CD117/KIT & LSD1/KDM1A
27,CD41/ITGA2B,TAL1,0.591928053949977,CD41/ITGA2B & TAL1
28,CD71/TFRC,RUNX1,0.587866333731805,CD71/TFRC & RUNX1
29,GATA1,TAL1,0.58314206846444,GATA1 & TAL1
30,CD71/TFRC,TAL1,0.582620247527483,CD71/TFRC & TAL1
31,DDB1,TGFB1,0.581796220944171,DDB1 & TGFB1
32,CD61/ITGB3,TGFB1,0.579576352743689,CD61/ITGB3 & TGFB1
33,EIF4EBP1,RUNX1,0.578014832354325,EIF4EBP1 & RUNX1
34,CD71/TFRC,EIF4EBP1,0.576824141451826,CD71/TFRC & EIF4EBP1
35,CD41/ITGA2B,CNRIP1,0.571047536532322,CD41/ITGA2B & CNRIP1
36,CD42/GP1BA,CD61/ITGB3,0.562492576861609,CD42/GP1BA & CD61/ITGB3
37,CD71/TFRC,DDB1,0.562476968135238,CD71/TFRC & DDB1
38,EIF4EBP1,TGFB1,0.560903490141858,EIF4EBP1 & TGFB1
39,CTNNB1,RUNX1,0.550363384721023,CTNNB1 & RUNX1
40,CTNNB1,LSD1/KDM1A,0.543339482541689,CTNNB1 & LSD1/KDM1A
41,CDK6,TGFB1,0.536862152163646,CDK6 & TGFB1
42,RUNX1,TAL1,0.536838384255196,RUNX1 & TAL1
43,CD117/KIT,CD71/TFRC,0.533945238538202,CD117/KIT & CD71/TFRC
44,CD41/ITGA2B,CD42/GP1BA,0.532017567578104,CD41/ITGA2B & CD42/GP1BA
45,CD71/TFRC,MCL1,0.530046663618745,CD71/TFRC & MCL1
46,CTNNB1,TAL1,0.529745737187513,CTNNB1 & TAL1
47,CDK6,DDB1,0.526150485991866,CDK6 & DDB1
48,CDK6,EIF4EBP1,0.524636518405766,CDK6 & EIF4EBP1
49,GATA1,LSD1/KDM1A,0.52411657610431,GATA1 & LSD1/KDM1A
50,CD61/ITGB3,VWF,0.523139320353782,CD61/ITGB3 & VWF
51,CD41/ITGA2B,DHRS3,0.520250220918421,CD41/ITGA2B & DHRS3
52,GFI1B,RUNX1,0.519269183590255,GFI1B & RUNX1
53,LSD1/KDM1A,TAL1,0.519245775975491,LSD1/KDM1A & TAL1
54,CTNNB1,TGFB1,0.519004448541817,CTNNB1 & TGFB1
55,GATA1,TGFB1,0.517024880139671,GATA1 & TGFB1
56,EIF4EBP1,MCL1,0.513860374416082,EIF4EBP1 & MCL1
57,DDB1,MCL1,0.511749984402803,DDB1 & MCL1
58,DDB1,EIF4EBP1,0.50953867872678,DDB1 & EIF4EBP1
59,CD71/TFRC,CDK6,0.50869100735115,CD71/TFRC & CDK6
60,HPRT1,LSD1/KDM1A,0.504998449027513,HPRT1 & LSD1/KDM1A
61,ANK1,CD36,0.502493412793545,ANK1 & CD36
62,CD41/ITGA2B,LSD1/KDM1A,0.501500040032347,CD41/ITGA2B & LSD1/KDM1A
63,ANK1,DHRS3,0.49911055819899,ANK1 & DHRS3
64,CD117/KIT,CDK6,0.49789199439135,CD117/KIT & CDK6
65,EIF4EBP1,HPRT1,0.497746368549846,EIF4EBP1 & HPRT1
66,GFI1B,TGFB1,0.495644861163916,GFI1B & TGFB1
67,CD41/ITGA2B,RUNX1,0.495138845818676,CD41/ITGA2B & RUNX1
68,EIF4EBP1,TAL1,0.493923873535131,EIF4EBP1 & TAL1
69,CD71/TFRC,HPRT1,0.493128820912007,CD71/TFRC & HPRT1
70,CD41/ITGA2B,EIF4EBP1,0.485552311857432,CD41/ITGA2B & EIF4EBP1
71,TAL1,TGFB1,0.484549637079286,TAL1 & TGFB1
72,CD36,CD41/ITGA2B,0.483336861083949,CD36 & CD41/ITGA2B
73,MCL1,TAL1,0.481366023717314,MCL1 & TAL1
74,HIF1A,RUNX1,0.480029949732948,HIF1A & RUNX1
75,JAK2,LSD1/KDM1A,0.475450551595077,JAK2 & LSD1/KDM1A
76,CTNNB1,MCL1,0.467300737995141,CTNNB1 & MCL1
77,CNRIP1,KLF1,0.466127747605926,CNRIP1 & KLF1
78,ANK1,TAL1,0.464509425813714,ANK1 & TAL1
79,CD34,CDK6,0.463200714544488,CD34 & CDK6
80,CNRIP1,LSD1/KDM1A,0.462731548245154,CNRIP1 & LSD1/KDM1A
81,ANK1,KLF1,0.461885831950838,ANK1 & KLF1
82,ANK1,LSD1/KDM1A,0.461206232171351,ANK1 & LSD1/KDM1A
83,GATA1,RUNX1,0.46059733875711,GATA1 & RUNX1
84,CD117/KIT,MYB,0.459386971154406,CD117/KIT & MYB
85,CD41/ITGA2B,DDB1,0.455637280397603,CD41/ITGA2B & DDB1
86,CD105/ENG,LSD1/KDM1A,0.453181128586381,CD105/ENG & LSD1/KDM1A
87,CDK6,HPRT1,0.452620627106167,CDK6 & HPRT1
88,HIF1A,TGFB1,0.450021810024296,HIF1A & TGFB1
89,LSD1/KDM1A,MYB,0.44963566522355,LSD1/KDM1A & MYB
90,JAK2,RUNX1,0.448339973754859,JAK2 & RUNX1
91,DDB1,TAL1,0.446641290518841,DDB1 & TAL1
92,CNRIP1,TAL1,0.446352285524934,CNRIP1 & TAL1
93,CD42/GP1BA,VWF,0.445964570407137,CD42/GP1BA & VWF
94,CD110/MPL,TGFB1,0.445276689994269,CD110/MPL & TGFB1
95,CD42/GP1BA,RUNX1,0.444644439245236,CD42/GP1BA & RUNX1
96,DHRS3,GATA1,0.444554038251958,DHRS3 & GATA1
97,CD71/TFRC,CTNNB1,0.443347046864232,CD71/TFRC & CTNNB1
98,CD117/KIT,CNRIP1,0.438375209235341,CD117/KIT & CNRIP1
99,HIF1A,MCL1,0.433288945314663,HIF1A & MCL1
100,GATA2,TGFB1,0.433224179372878,GATA2 & TGFB1
101,CD71/TFRC,MYB,0.432747363330408,CD71/TFRC & MYB
102,CDK6,TAL1,0.432295528656702,CDK6 & TAL1
103,CDK6,MYB,0.431868448092076,CDK6 & MYB
104,HPRT1,MCL1,0.431684493770937,HPRT1 & MCL1
105,JAK2,MCL1,0.430309953737161,JAK2 & MCL1
106,CNRIP1,DHRS3,0.429876394467843,CNRIP1 & DHRS3
107,CD34,RUNX1,0.429686417587714,CD34 & RUNX1
108,MEIS1,TGFB1,0.429208357844583,MEIS1 & TGFB1
109,GATA2,MCL1,0.428879885512358,GATA2 & MCL1
110,EIF4EBP1,GATA1,0.428479318898796,EIF4EBP1 & GATA1
111,CD117/KIT,RUNX1,0.427668024725455,CD117/KIT & RUNX1
112,CD110/MPL,RUNX1,0.425378672026198,CD110/MPL & RUNX1
113,CD117/KIT,MCL1,0.424071096118978,CD117/KIT & MCL1
114,CDK6,SRD5A3,0.422086926248518,CDK6 & SRD5A3
115,GATA2,RUNX1,0.421844902591111,GATA2 & RUNX1
116,GFI1B,LSD1/KDM1A,0.42112483901586,GFI1B & LSD1/KDM1A
117,DDB1,GATA1,0.419981153129591,DDB1 & GATA1
118,CTNNB1,DDB1,0.41727082739439,CTNNB1 & DDB1
119,CD105/ENG,CD71/TFRC,0.416148081684288,CD105/ENG & CD71/TFRC
120,CDK4,EIF4EBP1,0.415127707145802,CDK4 & EIF4EBP1
121,HPRT1,RUNX1,0.414860137969955,HPRT1 & RUNX1
122,JAK2,TGFB1,0.414831017511107,JAK2 & TGFB1
123,CD42/GP1BA,MCL1,0.410612698061142,CD42/GP1BA & MCL1
124,CD36,CD71/TFRC,0.410300541646134,CD36 & CD71/TFRC
125,HIF1A,LSD1/KDM1A,0.409646126709525,HIF1A & LSD1/KDM1A
126,CD71/TFRC,KLF1,0.40939614390039,CD71/TFRC & KLF1
127,GFI1B,MCL1,0.409233495078822,GFI1B & MCL1
128,HPRT1,TGFB1,0.40773749500602,HPRT1 & TGFB1
129,CD105/ENG,MCL1,0.406827484222754,CD105/ENG & MCL1
130,CD117/KIT,DDB1,0.406823852549365,CD117/KIT & DDB1
131,CDK6,CTNNB1,0.406754835647827,CDK6 & CTNNB1
132,HPRT1,TAL1,0.406202110737176,HPRT1 & TAL1
133,TGFB1,VWF,0.404373425518715,TGFB1 & VWF
134,CD71/TFRC,GFI1B,0.403532750554935,CD71/TFRC & GFI1B
135,CD42/GP1BA,TAL1,0.403352476471911,CD42/GP1BA & TAL1
136,CD41/ITGA2B,KLF1,0.402649220512959,CD41/ITGA2B & KLF1
137,CD71/TFRC,GATA2,0.401242061441293,CD71/TFRC & GATA2
138,CD71/TFRC,SRD5A3,0.401156779734551,CD71/TFRC & SRD5A3
139,CD41/ITGA2B,GFI1B,0.400838862089842,CD41/ITGA2B & GFI1B
140,HPRT1,MYB,0.400131201503989,HPRT1 & MYB
141,GATA2,LSD1/KDM1A,0.399864046764358,GATA2 & LSD1/KDM1A
142,CDK4,LSD1/KDM1A,0.399806412948755,CDK4 & LSD1/KDM1A
143,CD42/GP1BA,CD71/TFRC,0.399636494826,CD42/GP1BA & CD71/TFRC
144,CD117/KIT,EIF4EBP1,0.398609115743583,CD117/KIT & EIF4EBP1
145,MEIS1,RUNX1,0.398395324053315,MEIS1 & RUNX1
146,DDB1,GFI1B,0.397953291144526,DDB1 & GFI1B
147,CD34,MCL1,0.397811192212031,CD34 & MCL1
148,CD105/ENG,RUNX1,0.396932487946323,CD105/ENG & RUNX1
149,CDK6,JAK2,0.396633335948907,CDK6 & JAK2
150,CNRIP1,MYB,0.396356360076268,CNRIP1 & MYB
151,CD71/TFRC,JAK2,0.395778631800867,CD71/TFRC & JAK2
152,LSD1/KDM1A,SRD5A3,0.395390927326399,LSD1/KDM1A & SRD5A3
153,EIF4EBP1,SRD5A3,0.395091082410179,EIF4EBP1 & SRD5A3
154,CD110/MPL,LSD1/KDM1A,0.394694157827014,CD110/MPL & LSD1/KDM1A
155,DDB1,HPRT1,0.392968056059973,DDB1 & HPRT1
156,CD41/ITGA2B,MCL1,0.392828741511643,CD41/ITGA2B & MCL1
157,CD41/ITGA2B,VWF,0.392402976002617,CD41/ITGA2B & VWF
158,GATA2,TAL1,0.391766732474442,GATA2 & TAL1
159,EIF4EBP1,JAK2,0.390211338079275,EIF4EBP1 & JAK2
160,CD34,LSD1/KDM1A,0.389729979348778,CD34 & LSD1/KDM1A
161,ANK1,TGFB1,0.389132402600031,ANK1 & TGFB1
162,CD117/KIT,TGFB1,0.388914082965713,CD117/KIT & TGFB1
163,CD110/MPL,CD42/GP1BA,0.38858620933955,CD110/MPL & CD42/GP1BA
164,GATA1,KLF1,0.38725966764849,GATA1 & KLF1
165,CDK6,GATA2,0.38686260339189,CDK6 & GATA2
166,CTNNB1,EIF4EBP1,0.386648712575497,CTNNB1 & EIF4EBP1
167,CD105/ENG,TGFB1,0.386627777638212,CD105/ENG & TGFB1
168,RUNX1,SRD5A3,0.38550128013968,RUNX1 & SRD5A3
169,CD34,CD44,0.384777576751473,CD34 & CD44
170,GABPA,RUNX1,0.384643692750502,GABPA & RUNX1
171,CD110/MPL,VWF,0.384637081372369,CD110/MPL & VWF
172,CD41/ITGA2B,CDK4,0.384531277629586,CD41/ITGA2B & CDK4
173,FOG1/ZFPM1,TAL1,0.382201222329918,FOG1/ZFPM1 & TAL1
174,CD71/TFRC,CDK4,0.381301512734416,CD71/TFRC & CDK4
175,ANK1,DDB1,0.380449612498003,ANK1 & DDB1
176,GABPA,MCL1,0.379890386548804,GABPA & MCL1
177,CD44,TGFB1,0.378345027022491,CD44 & TGFB1
178,CD34,TGFB1,0.378135603926466,CD34 & TGFB1
179,CD44,CDK6,0.374871981960068,CD44 & CDK6
180,CD105/ENG,EIF4EBP1,0.374252333961695,CD105/ENG & EIF4EBP1
181,CD44,MCL1,0.372833658966047,CD44 & MCL1
182,CD105/ENG,TAL1,0.372614128232575,CD105/ENG & TAL1
183,CD36,GATA1,0.372346069355354,CD36 & GATA1
184,EIF4EBP1,GFI1B,0.371241002745621,EIF4EBP1 & GFI1B
185,CD110/MPL,CD71/TFRC,0.370801016199114,CD110/MPL & CD71/TFRC
186,GATA1,GFI1B,0.370440256038074,GATA1 & GFI1B
187,GABPA,LSD1/KDM1A,0.369938724335521,GABPA & LSD1/KDM1A
188,HIF1A,TAL1,0.369845395816729,HIF1A & TAL1
189,JAK2,TAL1,0.369543140929668,JAK2 & TAL1
190,MCL1,MYB,0.368939021885441,MCL1 & MYB
191,GABPA,TAL1,0.36837764379114,GABPA & TAL1
192,CD117/KIT,TAL1,0.366027395011895,CD117/KIT & TAL1
193,CD42/GP1BA,LSD1/KDM1A,0.365656174945658,CD42/GP1BA & LSD1/KDM1A
194,DDB1,HIF1A,0.365459403554371,DDB1 & HIF1A
195,CD117/KIT,HPRT1,0.364408634375128,CD117/KIT & HPRT1
196,DDB1,JAK2,0.363716334605725,DDB1 & JAK2
197,MYB,TGFB1,0.363377240525779,MYB & TGFB1
198,CD36,CNRIP1,0.363364071197491,CD36 & CNRIP1
199,CDK4,RUNX1,0.362796039138677,CDK4 & RUNX1
200,MYB,RUNX1,0.362623687769836,MYB & RUNX1
201,CD41/ITGA2B,HPRT1,0.361308273626048,CD41/ITGA2B & HPRT1
202,CD105/ENG,CDK6,0.361023399076045,CD105/ENG & CDK6
203,CD42/GP1BA,EIF4EBP1,0.360840779640948,CD42/GP1BA & EIF4EBP1
204,CDK4,HPRT1,0.360615235880052,CDK4 & HPRT1
205,ANK1,EIF4EBP1,0.360051804470714,ANK1 & EIF4EBP1
206,CD41/ITGA2B,CTNNB1,0.359704540372775,CD41/ITGA2B & CTNNB1
207,CD110/MPL,MCL1,0.357291248105576,CD110/MPL & MCL1
208,CD41/ITGA2B,CD44,0.357176751748249,CD41/ITGA2B & CD44
209,CD110/MPL,CD61/ITGB3,0.356279808032075,CD110/MPL & CD61/ITGB3
210,CD42/GP1BA,DDB1,0.354327047914396,CD42/GP1BA & DDB1
211,CDK4,GATA1,0.354164850592976,CDK4 & GATA1
212,CD41/ITGA2B,GATA2,0.353759565253274,CD41/ITGA2B & GATA2
213,CD71/TFRC,GABPA,0.353388874367825,CD71/TFRC & GABPA
214,ANK1,CD117/KIT,0.35113970408452,ANK1 & CD117/KIT
215,MCL1,SRD5A3,0.350742242775132,MCL1 & SRD5A3
216,CDK6,HIF1A,0.350246953877265,CDK6 & HIF1A
217,CD44,GATA1,0.349223021956207,CD44 & GATA1
218,CD44,LSD1/KDM1A,0.34833566724606,CD44 & LSD1/KDM1A
219,CD117/KIT,JAK2,0.3482401536439,CD117/KIT & JAK2
220,CLU,TGFB1,0.348234616737972,CLU & TGFB1
221,CD105/ENG,CD117/KIT,0.347800967367786,CD105/ENG & CD117/KIT
222,MCL1,MEIS1,0.346909923167954,MCL1 & MEIS1
223,CD71/TFRC,DHRS3,0.346716923087387,CD71/TFRC & DHRS3
224,CD42/GP1BA,GATA2,0.346334879763144,CD42/GP1BA & GATA2
225,CD42/GP1BA,GFI1B,0.345762204316085,CD42/GP1BA & GFI1B
226,CDK6,CNRIP1,0.345707633817229,CDK6 & CNRIP1
227,DDB1,SRD5A3,0.345442343479231,DDB1 & SRD5A3
228,CDK6,GABPA,0.343697837770276,CDK6 & GABPA
229,LOX,TGFB1,0.343660443665402,LOX & TGFB1
230,ETS1,MCL1,0.34339391573549,ETS1 & MCL1
231,GATA1,HPRT1,0.343324946954153,GATA1 & HPRT1
232,CD117/KIT,SRD5A3,0.343172167918178,CD117/KIT & SRD5A3
233,CDK4,MCL1,0.343113682937709,CDK4 & MCL1
234,GATA2,HPRT1,0.34197780240746,GATA2 & HPRT1
235,DDB1,MYB,0.341423598127782,DDB1 & MYB
236,CD61/ITGB3,GATA1,0.341279187104438,CD61/ITGB3 & GATA1
237,CNRIP1,TMOD1,0.341215132133995,CNRIP1 & TMOD1
238,CD105/ENG,DDB1,0.341047662514059,CD105/ENG & DDB1
239,GFI1B,TAL1,0.340640056731161,GFI1B & TAL1
240,CTNNB1,JAK2,0.339364766246656,CTNNB1 & JAK2
241,CTNNB1,MYB,0.339325841698434,CTNNB1 & MYB
242,ANK1,CD44,0.338352796630457,ANK1 & CD44
243,GATA1,MCL1,0.338255368179333,GATA1 & MCL1
244,CDK4,TAL1,0.338243356136499,CDK4 & TAL1
245,CD41/ITGA2B,FOG1/ZFPM1,0.338003771789812,CD41/ITGA2B & FOG1/ZFPM1
246,CD110/MPL,CD41/ITGA2B,0.337898067286038,CD110/MPL & CD41/ITGA2B
247,SRD5A3,TGFB1,0.337769467081499,SRD5A3 & TGFB1
248,CDK4,TGFB1,0.336404055164806,CDK4 & TGFB1
249,EIF4EBP1,GATA2,0.335134874721975,EIF4EBP1 & GATA2
250,CD42/GP1BA,CTNNB1,0.334770439277501,CD42/GP1BA & CTNNB1
251,CD38,CD71/TFRC,0.334579386503249,CD38 & CD71/TFRC
252,CLU,CTNNB1,0.333813424285208,CLU & CTNNB1
253,CD71/TFRC,HIF1A,0.333062838429982,CD71/TFRC & HIF1A
254,CLU,RUNX1,0.332896461787217,CLU & RUNX1
255,CD110/MPL,MEIS1,0.332605658129343,CD110/MPL & MEIS1
256,CD44,CNRIP1,0.332480963348084,CD44 & CNRIP1
257,CD42/GP1BA,MEIS1,0.332120817149475,CD42/GP1BA & MEIS1
258,CD44,ETS1,0.331980731953486,CD44 & ETS1
259,MCL1,P27KIP1/CDKN1B,0.331851613692127,MCL1 & P27KIP1/CDKN1B
260,EIF4EBP1,HIF1A,0.331597790787195,EIF4EBP1 & HIF1A
261,MYB,TAL1,0.331180591837769,MYB & TAL1
262,GABPA,TGFB1,0.330966166306209,GABPA & TGFB1
263,CDK4,SRD5A3,0.330638757401535,CDK4 & SRD5A3
264,CD41/ITGA2B,JAK2,0.330564605321554,CD41/ITGA2B & JAK2
265,ANK1,CDK4,0.330103742517656,ANK1 & CDK4
266,CD117/KIT,CTNNB1,0.330038646669287,CD117/KIT & CTNNB1
267,CDK4,CDK6,0.329959812509769,CDK4 & CDK6
268,RUNX1,SPI1,0.32967093934655,RUNX1 & SPI1
269,CDK6,GFI1B,0.32954896113287,CDK6 & GFI1B
270,CD105/ENG,CD41/ITGA2B,0.329504715134377,CD105/ENG & CD41/ITGA2B
271,CDK4,MYB,0.32912361800564,CDK4 & MYB
272,GATA1,GATA2,0.328367238064211,GATA1 & GATA2
273,ANK1,HPRT1,0.327911225277344,ANK1 & HPRT1
274,CD41/ITGA2B,SDPR,0.327558113826439,CD41/ITGA2B & SDPR
275,CDK4,DDB1,0.327328296271345,CDK4 & DDB1
276,CTNNB1,GFI1B,0.327141773815316,CTNNB1 & GFI1B
277,ETS1,RUNX1,0.326765874257653,ETS1 & RUNX1
278,CD71/TFRC,TMOD1,0.326322137903839,CD71/TFRC & TMOD1
279,EIF4EBP1,MYB,0.326294477557788,EIF4EBP1 & MYB
280,CD71/TFRC,TMEM180/MFSD13A,0.325385913432375,CD71/TFRC & TMEM180/MFSD13A
281,ANK1,MYB,0.325150800758941,ANK1 & MYB
282,CD34,CD71/TFRC,0.32507741335669,CD34 & CD71/TFRC
283,MCL1,SPI1,0.324891375364487,MCL1 & SPI1
284,CTNNB1,GABPA,0.324685232365017,CTNNB1 & GABPA
285,CD42/GP1BA,CLU,0.324682832279296,CD42/GP1BA & CLU
286,CD44,TAL1,0.324292376164744,CD44 & TAL1
287,GABPA,HPRT1,0.323928367956244,GABPA & HPRT1
288,CTNNB1,P27KIP1/CDKN1B,0.32356818625334,CTNNB1 & P27KIP1/CDKN1B
289,CTNNB1,HIF1A,0.323263942191074,CTNNB1 & HIF1A
290,CNRIP1,TGFB1,0.32325235389918,CNRIP1 & TGFB1
291,CD117/KIT,CD34,0.32286538313546,CD117/KIT & CD34
292,CD105/ENG,CTNNB1,0.322221509895915,CD105/ENG & CTNNB1
293,LOX,RUNX1,0.321953598758517,LOX & RUNX1
294,ANK1,CD105/ENG,0.321643612574992,ANK1 & CD105/ENG
295,CNRIP1,EIF4EBP1,0.321619871606423,CNRIP1 & EIF4EBP1
296,ANK1,JAK2,0.321447656973779,ANK1 & JAK2
297,ANK1,RUNX1,0.321208645738568,ANK1 & RUNX1
298,GABPA,MYB,0.320456212159013,GABPA & MYB
299,CLU,MCL1,0.320275646042104,CLU & MCL1
300,CD42/GP1BA,GATA1,0.319728423965673,CD42/GP1BA & GATA1
301,LSD1/KDM1A,MEIS1,0.318477541739127,LSD1/KDM1A & MEIS1
302,LSD1/KDM1A,TMEM180/MFSD13A,0.318244937523656,LSD1/KDM1A & TMEM180/MFSD13A
303,CNRIP1,DDB1,0.318241794875288,CNRIP1 & DDB1
304,JAK2,SRD5A3,0.318218253451589,JAK2 & SRD5A3
305,ANK1,TMOD1,0.317397813112219,ANK1 & TMOD1
306,RUNX1,TMEM180/MFSD13A,0.317353037606275,RUNX1 & TMEM180/MFSD13A
307,LOX,MCL1,0.316833777002228,LOX & MCL1
308,CD41/ITGA2B,MEIS1,0.316633654800818,CD41/ITGA2B & MEIS1
309,SDPR,TGFB1,0.316391171034027,SDPR & TGFB1
310,CD110/MPL,GFI1B,0.315836550828114,CD110/MPL & GFI1B
311,CD41/ITGA2B,CD9,0.315810784279996,CD41/ITGA2B & CD9
312,KLF1,TAL1,0.315504178879406,KLF1 & TAL1
313,CD34,MYB,0.315179980599256,CD34 & MYB
314,CD36,TAL1,0.314964521534993,CD36 & TAL1
315,CD110/MPL,EIF4EBP1,0.314557816223573,CD110/MPL & EIF4EBP1
316,CD105/ENG,HPRT1,0.314096056957237,CD105/ENG & HPRT1
317,CD42/GP1BA,CDK6,0.313903092040408,CD42/GP1BA & CDK6
318,CD117/KIT,CD42/GP1BA,0.313376800855372,CD117/KIT & CD42/GP1BA
319,CD42/GP1BA,LOX,0.31216115662432,CD42/GP1BA & LOX
320,CD34,CTNNB1,0.312019501338398,CD34 & CTNNB1
321,CD42/GP1BA,HIF1A,0.311173157645049,CD42/GP1BA & HIF1A
322,SRD5A3,TAL1,0.310489027460668,SRD5A3 & TAL1
323,DDB1,GATA2,0.310036854621193,DDB1 & GATA2
324,GABPA,HIF1A,0.308636170092695,GABPA & HIF1A
325,CD117/KIT,CD41/ITGA2B,0.308085893759194,CD117/KIT & CD41/ITGA2B
326,CD44,RUNX1,0.307942922731189,CD44 & RUNX1
327,ANK1,CD61/ITGB3,0.307644738943143,ANK1 & CD61/ITGB3
328,MCL1,TMEM180/MFSD13A,0.307143879917278,MCL1 & TMEM180/MFSD13A
329,HPRT1,SRD5A3,0.307133805316528,HPRT1 & SRD5A3
330,SDPR,TAL1,0.307089396879465,SDPR & TAL1
331,CTNNB1,SDPR,0.306762673699426,CTNNB1 & SDPR
332,MYB,SRD5A3,0.30668464591537,MYB & SRD5A3
333,TAL1,TMEM180/MFSD13A,0.306389518948302,TAL1 & TMEM180/MFSD13A
334,CD36,DHRS3,0.305757695640531,CD36 & DHRS3
335,HIF1A,HPRT1,0.305395452606924,HIF1A & HPRT1
336,CD38,MYB,0.304958219431524,CD38 & MYB
337,CD41/ITGA2B,HIF1A,0.304430206182736,CD41/ITGA2B & HIF1A
338,CTNNB1,GATA1,0.304344526033086,CTNNB1 & GATA1
339,CD44,CD71/TFRC,0.303331724378942,CD44 & CD71/TFRC
340,GFI1B,HIF1A,0.303003321822621,GFI1B & HIF1A
341,CD105/ENG,SRD5A3,0.302637273341652,CD105/ENG & SRD5A3
342,CD110/MPL,TAL1,0.301880784938644,CD110/MPL & TAL1
343,CD41/ITGA2B,CDK6,0.300571000069858,CD41/ITGA2B & CDK6
344,CD117/KIT,GFI1B,0.300300746047173,CD117/KIT & GFI1B
345,CLU,GABPA,0.30014693445351,CLU & GABPA
346,CD9,TGFB1,0.298214892792206,CD9 & TGFB1
347,CNRIP1,JAK2,0.298012598349627,CNRIP1 & JAK2
348,DHRS3,TAL1,0.297798052535682,DHRS3 & TAL1
349,CNRIP1,RUNX1,0.297691238398745,CNRIP1 & RUNX1
350,ANK1,MCL1,0.297638840852459,ANK1 & MCL1
351,CDK6,GATA1,0.297453144673842,CDK6 & GATA1
352,CD71/TFRC,LOX,0.297424667148167,CD71/TFRC & LOX
353,GFI1B,MEIS1,0.297140440836955,GFI1B & MEIS1
354,GATA1,JAK2,0.296826964808982,GATA1 & JAK2
355,EIF4EBP1,GABPA,0.296818705711446,EIF4EBP1 & GABPA
356,CD34,ETS1,0.296702714408048,CD34 & ETS1
357,P27KIP1/CDKN1B,RUNX1,0.29663916657707,P27KIP1/CDKN1B & RUNX1
358,CD110/MPL,CDK6,0.296405437662564,CD110/MPL & CDK6
359,CD41/ITGA2B,MYB,0.29601206201337,CD41/ITGA2B & MYB
360,CD110/MPL,CTNNB1,0.295614240618834,CD110/MPL & CTNNB1
361,CD117/KIT,GATA1,0.295186062801285,CD117/KIT & GATA1
362,HPRT1,JAK2,0.294823926099433,HPRT1 & JAK2
363,CD42/GP1BA,SDPR,0.294664695987691,CD42/GP1BA & SDPR
364,CDK6,SPI1,0.294267842806861,CDK6 & SPI1
365,CD110/MPL,LOX,0.294093275191417,CD110/MPL & LOX
366,CD117/KIT,TMOD1,0.29343283734706,CD117/KIT & TMOD1
367,EIF4EBP1,SPI1,0.293025873900813,EIF4EBP1 & SPI1
368,CD61/ITGB3,GFI1B,0.293016449945391,CD61/ITGB3 & GFI1B
369,CTNNB1,HPRT1,0.29277093974891,CTNNB1 & HPRT1
370,CD105/ENG,CDK4,0.292618636450249,CD105/ENG & CDK4
371,EIF4EBP1,MEIS1,0.292467088444846,EIF4EBP1 & MEIS1
372,CD34,DDB1,0.292466584971508,CD34 & DDB1
373,CD71/TFRC,FOG1/ZFPM1,0.292367947118593,CD71/TFRC & FOG1/ZFPM1
374,RUNX1,SDPR,0.292234186704195,RUNX1 & SDPR
375,ETS1,HIF1A,0.29223397469421,ETS1 & HIF1A
376,GATA1,MYB,0.292207765922658,GATA1 & MYB
377,GFI1B,JAK2,0.292063839624325,GFI1B & JAK2
378,CD110/MPL,DDB1,0.291597946240944,CD110/MPL & DDB1
379,CD41/ITGA2B,TMEM180/MFSD13A,0.291246250957674,CD41/ITGA2B & TMEM180/MFSD13A
380,GATA2,MYB,0.291216080601494,GATA2 & MYB
381,CDK6,MEIS1,0.291022234875889,CDK6 & MEIS1
382,CLU,LSD1/KDM1A,0.29088683166528,CLU & LSD1/KDM1A
383,MEIS1,TAL1,0.290880217456353,MEIS1 & TAL1
384,ANK1,CD42/GP1BA,0.290749017123751,ANK1 & CD42/GP1BA
385,P27KIP1/CDKN1B,TGFB1,0.290732067393989,P27KIP1/CDKN1B & TGFB1
386,CNRIP1,HPRT1,0.289897075110097,CNRIP1 & HPRT1
387,KLF1,MYB,0.289354489512799,KLF1 & MYB
388,CD61/ITGB3,RUNX1,0.28901158628659,CD61/ITGB3 & RUNX1
389,LOX,VWF,0.288936750818594,LOX & VWF
390,DDB1,MEIS1,0.288827912076766,DDB1 & MEIS1
391,MYB,TMOD1,0.288336476092592,MYB & TMOD1
392,CD44,CTNNB1,0.287698712646429,CD44 & CTNNB1
393,CD34,GATA2,0.287422605253553,CD34 & GATA2
394,ETS1,TGFB1,0.287030948819689,ETS1 & TGFB1
395,CTNNB1,SRD5A3,0.286625555718303,CTNNB1 & SRD5A3
396,CTNNB1,GATA2,0.286291184773229,CTNNB1 & GATA2
397,CD34,SPI1,0.286277773671783,CD34 & SPI1
398,CD105/ENG,JAK2,0.286225563336809,CD105/ENG & JAK2
399,CD117/KIT,TMEM180/MFSD13A,0.286026516936147,CD117/KIT & TMEM180/MFSD13A
400,CLU,SDPR,0.285346677724172,CLU & SDPR
401,MCL1,SELP,0.28483250576945,MCL1 & SELP
402,CD42/GP1BA,MYB,0.284768262254078,CD42/GP1BA & MYB
403,CD42/GP1BA,CD9,0.284604500923032,CD42/GP1BA & CD9
404,FHL1,P27KIP1/CDKN1B,0.284430600033875,FHL1 & P27KIP1/CDKN1B
405,RUNX1,VWF,0.284014683395924,RUNX1 & VWF
406,CNRIP1,MCL1,0.283808195066767,CNRIP1 & MCL1
407,CLU,TAL1,0.28365463127638,CLU & TAL1
408,CD42/GP1BA,CD44,0.283578656731661,CD42/GP1BA & CD44
409,RUNX1,SELP,0.283442966492884,RUNX1 & SELP
410,CTNNB1,FOG1/ZFPM1,0.283265952670645,CTNNB1 & FOG1/ZFPM1
411,FOG1/ZFPM1,RUNX1,0.282725580464039,FOG1/ZFPM1 & RUNX1
412,KLF1,LSD1/KDM1A,0.282690458767421,KLF1 & LSD1/KDM1A
413,CD117/KIT,HIF1A,0.282612321855665,CD117/KIT & HIF1A
414,GFI1B,VWF,0.282351577684308,GFI1B & VWF
415,HIF1A,SPI1,0.282172440220501,HIF1A & SPI1
416,CD34,EIF4EBP1,0.282086730025654,CD34 & EIF4EBP1
417,TAL1,TMOD1,0.281831646081607,TAL1 & TMOD1
418,GFI1B,HPRT1,0.281439974605538,GFI1B & HPRT1
419,CD44,CD61/ITGB3,0.281391718095483,CD44 & CD61/ITGB3
420,SPI1,TGFB1,0.281044983107781,SPI1 & TGFB1
421,LSD1/KDM1A,SELP,0.279949836866118,LSD1/KDM1A & SELP
422,CD71/TFRC,MEIS1,0.279948615264478,CD71/TFRC & MEIS1
423,CD117/KIT,GABPA,0.279648865046353,CD117/KIT & GABPA
424,ETS1,LSD1/KDM1A,0.279112385119974,ETS1 & LSD1/KDM1A
425,LOX,LSD1/KDM1A,0.278856790829688,LOX & LSD1/KDM1A
426,MCL1,SDPR,0.278659299937899,MCL1 & SDPR
427,DDB1,GABPA,0.278104892770778,DDB1 & GABPA
428,EIF4EBP1,FOG1/ZFPM1,0.277416120764141,EIF4EBP1 & FOG1/ZFPM1
429,GFI1B,MYB,0.276883123926552,GFI1B & MYB
430,HIF1A,JAK2,0.276748928635847,HIF1A & JAK2
431,CD34,HIF1A,0.276710700246745,CD34 & HIF1A
432,GABPA,JAK2,0.27615165556016,GABPA & JAK2
433,CD105/ENG,GFI1B,0.276011144923097,CD105/ENG & GFI1B
434,CD105/ENG,MYB,0.275990088723223,CD105/ENG & MYB
435,CTNNB1,MEIS1,0.275529957678404,CTNNB1 & MEIS1
436,CD61/ITGB3,LOX,0.274410655608489,CD61/ITGB3 & LOX
437,EIF4EBP1,TMEM180/MFSD13A,0.274083072011267,EIF4EBP1 & TMEM180/MFSD13A
438,KLF1,TMOD1,0.27308819001474,KLF1 & TMOD1
439,CD34,CD41/ITGA2B,0.27269352158681,CD34 & CD41/ITGA2B
440,ANK1,CDK6,0.272594322005247,ANK1 & CDK6
441,CD41/ITGA2B,GABPA,0.27248665457358,CD41/ITGA2B & GABPA
442,CD117/KIT,CDK4,0.272001856233037,CD117/KIT & CDK4
443,CD71/TFRC,SELP,0.271996989523306,CD71/TFRC & SELP
444,CLU,EIF4EBP1,0.27195889562615,CLU & EIF4EBP1
445,LSD1/KDM1A,SPI1,0.271892801669195,LSD1/KDM1A & SPI1
446,CLU,MYB,0.271566364354722,CLU & MYB
447,CD117/KIT,CD44,0.271521106219552,CD117/KIT & CD44
448,CD38,HPRT1,0.27133187508856,CD38 & HPRT1
449,ANK1,GFI1B,0.271294006942932,ANK1 & GFI1B
450,CLU,FHL1,0.271225795755328,CLU & FHL1
451,CD110/MPL,CD34,0.27116501357215,CD110/MPL & CD34
452,CDK6,ETS1,0.270471514192692,CDK6 & ETS1
453,CD34,CLU,0.270199800062632,CD34 & CLU
454,CD110/MPL,HIF1A,0.269720973165345,CD110/MPL & HIF1A
455,CD105/ENG,CD42/GP1BA,0.269684791331163,CD105/ENG & CD42/GP1BA
456,CD110/MPL,GATA2,0.269435263806145,CD110/MPL & GATA2
457,CNRIP1,SRD5A3,0.269319106600634,CNRIP1 & SRD5A3
458,EIF4EBP1,KLF1,0.269239393220443,EIF4EBP1 & KLF1
459,CD42/GP1BA,CNRIP1,0.268276617379788,CD42/GP1BA & CNRIP1
460,LSD1/KDM1A,TMOD1,0.2678572899111,LSD1/KDM1A & TMOD1
461,CD110/MPL,CD117/KIT,0.267775357869162,CD110/MPL & CD117/KIT
462,CD44,GATA2,0.267652452893448,CD44 & GATA2
463,CD38,LSD1/KDM1A,0.267595915285057,CD38 & LSD1/KDM1A
464,CD36,TMOD1,0.266920121349183,CD36 & TMOD1
465,GATA2,GFI1B,0.266424516004857,GATA2 & GFI1B
466,CD110/MPL,HPRT1,0.265908797089952,CD110/MPL & HPRT1
467,CD41/ITGA2B,SRD5A3,0.265870651501436,CD41/ITGA2B & SRD5A3
468,GABPA,GATA2,0.265230509983157,GABPA & GATA2
469,CD42/GP1BA,CDK4,0.265104523139451,CD42/GP1BA & CDK4
470,CD38,CD41/ITGA2B,0.265083710253993,CD38 & CD41/ITGA2B
471,CD42/GP1BA,HPRT1,0.265070570989481,CD42/GP1BA & HPRT1
472,CLU,HPRT1,0.26501351122038,CLU & HPRT1
473,CD34,TAL1,0.26479051735016,CD34 & TAL1
474,CD117/KIT,KLF1,0.264728007153137,CD117/KIT & KLF1
475,CD42/GP1BA,GABPA,0.264701257174155,CD42/GP1BA & GABPA
476,DHRS3,KLF1,0.264569250296053,DHRS3 & KLF1
477,LOX,MYB,0.264412244939853,LOX & MYB
478,LSD1/KDM1A,P27KIP1/CDKN1B,0.264354154559346,LSD1/KDM1A & P27KIP1/CDKN1B
479,GATA2,JAK2,0.264002414903493,GATA2 & JAK2
480,CD34,GFI1B,0.263631223430576,CD34 & GFI1B
481,ANK1,SRD5A3,0.263450399391044,ANK1 & SRD5A3
482,CDK4,CTNNB1,0.263437317271873,CDK4 & CTNNB1
483,CDK6,TMOD1,0.262831669426519,CDK6 & TMOD1
484,CDK4,GATA2,0.261551533523685,CDK4 & GATA2
485,GABPA,SRD5A3,0.261522854247794,GABPA & SRD5A3
486,CD117/KIT,CD38,0.261482893013653,CD117/KIT & CD38
487,FOG1/ZFPM1,TGFB1,0.261375744743783,FOG1/ZFPM1 & TGFB1
488,CD61/ITGB3,TAL1,0.260235559916218,CD61/ITGB3 & TAL1
489,CD34,SRD5A3,0.260195225395194,CD34 & SRD5A3
490,CDK6,TMEM180/MFSD13A,0.260094833618346,CDK6 & TMEM180/MFSD13A
491,CD105/ENG,GATA1,0.259995778189586,CD105/ENG & GATA1
492,ANK1,CD110/MPL,0.259976070606049,ANK1 & CD110/MPL
493,GATA1,HIF1A,0.259266868219489,GATA1 & HIF1A
494,CD105/ENG,HIF1A,0.259176880955911,CD105/ENG & HIF1A
495,CLU,VWF,0.258997602229951,CLU & VWF
496,CD38,CNRIP1,0.258958868855042,CD38 & CNRIP1
497,SELP,TGFB1,0.258345829006003,SELP & TGFB1
498,FOG1/ZFPM1,GATA1,0.258284713504454,FOG1/ZFPM1 & GATA1
499,CD110/MPL,JAK2,0.258237844591501,CD110/MPL & JAK2
500,CD41/ITGA2B,LOX,0.258228650936885,CD41/ITGA2B & LOX
501,BIM/BCL2,CD71/TFRC,0.257851460106651,BIM/BCL2 & CD71/TFRC
502,JAK2,MYB,0.257444046465384,JAK2 & MYB
503,CD38,TAL1,0.257415213151099,CD38 & TAL1
504,DHRS3,TGFB1,0.257008376899381,DHRS3 & TGFB1
505,DDB1,LOX,0.256775068922554,DDB1 & LOX
506,CD42/GP1BA,JAK2,0.256563236783749,CD42/GP1BA & JAK2
507,MCL1,VWF,0.256467357380282,MCL1 & VWF
508,DHRS3,LSD1/KDM1A,0.256284294227136,DHRS3 & LSD1/KDM1A
509,CD105/ENG,CNRIP1,0.255958344410828,CD105/ENG & CNRIP1
510,CD71/TFRC,CD9,0.255848149494938,CD71/TFRC & CD9
511,CTNNB1,ETS1,0.254957970534036,CTNNB1 & ETS1
512,RGS18,SDPR,0.254747412289472,RGS18 & SDPR
513,CTNNB1,SELP,0.25435551259315,CTNNB1 & SELP
514,CD41/ITGA2B,CLU,0.254178243480181,CD41/ITGA2B & CLU
515,CD71/TFRC,ETS1,0.254131848882483,CD71/TFRC & ETS1
516,CD9,VWF,0.254117180107563,CD9 & VWF
517,GABPA,GFI1B,0.253815511819144,GABPA & GFI1B
518,CD36,KLF1,0.252943085619572,CD36 & KLF1
519,CD110/MPL,MYB,0.252723528732859,CD110/MPL & MYB
520,CNRIP1,TMEM180/MFSD13A,0.252637950750228,CNRIP1 & TMEM180/MFSD13A
521,CD61/ITGB3,MCL1,0.252548406171439,CD61/ITGB3 & MCL1
522,GATA2,MEIS1,0.252392055740606,GATA2 & MEIS1
523,GATA2,HIF1A,0.252284878883901,GATA2 & HIF1A
524,CD44,EIF4EBP1,0.252245396063392,CD44 & EIF4EBP1
525,ANK1,TMEM180/MFSD13A,0.252209434930404,ANK1 & TMEM180/MFSD13A
526,CD117/KIT,GATA2,0.252155605442661,CD117/KIT & GATA2
527,CD38,MCL1,0.252130225925303,CD38 & MCL1
528,CDK6,SELP,0.252056488601875,CDK6 & SELP
529,ANK1,CTNNB1,0.251717370244506,ANK1 & CTNNB1
530,CD117/KIT,ETS1,0.251234169358683,CD117/KIT & ETS1
531,CDK6,CLU,0.251139562137591,CDK6 & CLU
532,ETS1,TAL1,0.251135102791351,ETS1 & TAL1
533,GATA2,SELP,0.251054845082653,GATA2 & SELP
534,CD41/ITGA2B,SELP,0.250868437419621,CD41/ITGA2B & SELP
535,GFI1B,LOX,0.250728813421954,GFI1B & LOX
536,CD34,HPRT1,0.250723419120391,CD34 & HPRT1
537,CD44,MYB,0.250646461540509,CD44 & MYB
538,CLU,HIF1A,0.250435622401585,CLU & HIF1A
539,CD71/TFRC,CLU,0.25009459080824,CD71/TFRC & CLU
540,CD38,CDK6,0.249810428831688,CD38 & CDK6
541,CDK4,GFI1B,0.249788049215872,CDK4 & GFI1B
542,CD34,CD42/GP1BA,0.249483413103868,CD34 & CD42/GP1BA
543,CD41/ITGA2B,TMOD1,0.249036338782039,CD41/ITGA2B & TMOD1
544,P27KIP1/CDKN1B,SDPR,0.248955921644777,P27KIP1/CDKN1B & SDPR
545,CDK4,TMEM180/MFSD13A,0.248877181050341,CDK4 & TMEM180/MFSD13A
546,GATA1,TMEM180/MFSD13A,0.248777261030944,GATA1 & TMEM180/MFSD13A
547,CD117/KIT,SPI1,0.248549184238038,CD117/KIT & SPI1
548,CD110/MPL,CLU,0.248374647401817,CD110/MPL & CLU
549,ETS1,GABPA,0.24733015002737,ETS1 & GABPA
550,CD9,MEIS1,0.247280111939798,CD9 & MEIS1
551,HIF1A,SRD5A3,0.247279876771358,HIF1A & SRD5A3
552,CTNNB1,LOX,0.24700399755209,CTNNB1 & LOX
553,CDK4,JAK2,0.246810808280603,CDK4 & JAK2
554,CD42/GP1BA,TMEM180/MFSD13A,0.246727906126674,CD42/GP1BA & TMEM180/MFSD13A
555,GATA1,SRD5A3,0.246400849051116,GATA1 & SRD5A3
556,CD110/MPL,GATA1,0.246380110066001,CD110/MPL & GATA1
557,EIF4EBP1,ETS1,0.246370651756107,EIF4EBP1 & ETS1
558,CD41/ITGA2B,SPI1,0.246107243390108,CD41/ITGA2B & SPI1
559,MEIS1,VWF,0.245597258772468,MEIS1 & VWF
560,CD42/GP1BA,ETS1,0.245565047001366,CD42/GP1BA & ETS1
561,CD71/TFRC,VWF,0.245035028433276,CD71/TFRC & VWF
562,CD61/ITGB3,CLU,0.244993308729737,CD61/ITGB3 & CLU
563,MYB,SDPR,0.244780028729991,MYB & SDPR
564,CD117/KIT,MEIS1,0.244760797320811,CD117/KIT & MEIS1
565,TGFB1,TMEM180/MFSD13A,0.244455226628781,TGFB1 & TMEM180/MFSD13A
566,CD34,GABPA,0.244447156910499,CD34 & GABPA
567,CD42/GP1BA,SPI1,0.244441671242154,CD42/GP1BA & SPI1
568,CD44,SPI1,0.244097037925144,CD44 & SPI1
569,CNRIP1,GATA2,0.244083426887205,CNRIP1 & GATA2
570,CD34,LOX,0.243941724089787,CD34 & LOX
571,CD44,DDB1,0.24388934554793,CD44 & DDB1
572,ANK1,FOG1/ZFPM1,0.243456208435523,ANK1 & FOG1/ZFPM1
573,CD61/ITGB3,MEIS1,0.243352461323556,CD61/ITGB3 & MEIS1
574,DDB1,KLF1,0.242207154549062,DDB1 & KLF1
575,HIF1A,MEIS1,0.242179144520364,HIF1A & MEIS1
576,CD36,HPRT1,0.242160730055033,CD36 & HPRT1
577,CDK6,P27KIP1/CDKN1B,0.241411114843292,CDK6 & P27KIP1/CDKN1B
578,DHRS3,RUNX1,0.241392902292707,DHRS3 & RUNX1
579,GFI1B,SRD5A3,0.241333177577817,GFI1B & SRD5A3
580,ANK1,CD38,0.241070007813608,ANK1 & CD38
581,CD117/KIT,SELP,0.240888359217881,CD117/KIT & SELP
582,DHRS3,TMOD1,0.240738716571593,DHRS3 & TMOD1
583,CLU,P27KIP1/CDKN1B,0.240622112363263,CLU & P27KIP1/CDKN1B
584,MYB,P27KIP1/CDKN1B,0.240080365838857,MYB & P27KIP1/CDKN1B
585,CD38,EIF4EBP1,0.239332064858395,CD38 & EIF4EBP1
586,CNRIP1,GABPA,0.239015445821308,CNRIP1 & GABPA
587,ETS1,JAK2,0.23891386232677,ETS1 & JAK2
588,CD38,CTNNB1,0.238868921209638,CD38 & CTNNB1
589,CD36,JAK2,0.238766913625564,CD36 & JAK2
590,CD61/ITGB3,CD71/TFRC,0.238589543182627,CD61/ITGB3 & CD71/TFRC
591,CD105/ENG,MEIS1,0.238375769276041,CD105/ENG & MEIS1
592,ETS1,SRD5A3,0.238337898700885,ETS1 & SRD5A3
593,EIF4EBP1,P27KIP1/CDKN1B,0.23830807958766,EIF4EBP1 & P27KIP1/CDKN1B
594,CDK6,LOX,0.238049559566574,CDK6 & LOX
595,DHRS3,MCL1,0.237959984017794,DHRS3 & MCL1
596,FOG1/ZFPM1,MCL1,0.237877320460037,FOG1/ZFPM1 & MCL1
597,CD105/ENG,TMEM180/MFSD13A,0.237848778312679,CD105/ENG & TMEM180/MFSD13A
598,CD36,MYB,0.237631554817696,CD36 & MYB
599,CD34,SELP,0.23751784760205,CD34 & SELP
600,CLU,GATA2,0.236295190242215,CLU & GATA2
601,CD42/GP1BA,SRD5A3,0.236017658896643,CD42/GP1BA & SRD5A3
602,CD105/ENG,GATA2,0.235929800784136,CD105/ENG & GATA2
603,FOG1/ZFPM1,LSD1/KDM1A,0.235665747908324,FOG1/ZFPM1 & LSD1/KDM1A
604,CD71/TFRC,SDPR,0.235441985750933,CD71/TFRC & SDPR
605,HPRT1,TMEM180/MFSD13A,0.235376243371545,HPRT1 & TMEM180/MFSD13A
606,GABPA,SDPR,0.235298609317064,GABPA & SDPR
607,RUNX1,TMOD1,0.235069684771136,RUNX1 & TMOD1
608,CDK4,CNRIP1,0.234858042499258,CDK4 & CNRIP1
609,CD117/KIT,CLU,0.234805524799486,CD117/KIT & CLU
610,CD71/TFRC,SPI1,0.234628612126988,CD71/TFRC & SPI1
611,CD117/KIT,LOX,0.234485488730292,CD117/KIT & LOX
612,CD105/ENG,GABPA,0.234243063325019,CD105/ENG & GABPA
613,ETS1,MEIS1,0.234086510267514,ETS1 & MEIS1
614,CD36,LSD1/KDM1A,0.233893224683439,CD36 & LSD1/KDM1A
615,CD38,RUNX1,0.233830649453782,CD38 & RUNX1
616,FHL1,MCL1,0.233619531989157,FHL1 & MCL1
617,DDB1,TMOD1,0.233185345030047,DDB1 & TMOD1
618,CTNNB1,TMEM180/MFSD13A,0.233062246348542,CTNNB1 & TMEM180/MFSD13A
619,DDB1,TMEM180/MFSD13A,0.232968896705301,DDB1 & TMEM180/MFSD13A
620,CDK4,HIF1A,0.232657253188212,CDK4 & HIF1A
621,HIF1A,MYB,0.232448023838956,HIF1A & MYB
622,SELP,TAL1,0.232294369534571,SELP & TAL1
623,DDB1,ETS1,0.232115286814595,DDB1 & ETS1
624,GABPA,P27KIP1/CDKN1B,0.232077271141139,GABPA & P27KIP1/CDKN1B
625,LOX,TAL1,0.231763656116218,LOX & TAL1
626,CD110/MPL,CD9,0.231360804004022,CD110/MPL & CD9
627,PIM1,TAL1,0.230511882675572,PIM1 & TAL1
628,ETS1,SELP,0.230472406549867,ETS1 & SELP
629,CD41/ITGA2B,ETS1,0.230084769352947,CD41/ITGA2B & ETS1
630,HPRT1,KLF1,0.229933747521465,HPRT1 & KLF1
631,LSD1/KDM1A,VWF,0.22993023282131,LSD1/KDM1A & VWF
632,LOX,MEIS1,0.229492075892568,LOX & MEIS1
633,LSD1/KDM1A,SDPR,0.229165910821738,LSD1/KDM1A & SDPR
634,CLU,MEIS1,0.228940897369323,CLU & MEIS1
635,CDK6,KLF1,0.228762219950621,CDK6 & KLF1
636,EIF4EBP1,LOX,0.228626642020862,EIF4EBP1 & LOX
637,CD36,TGFB1,0.228437228327251,CD36 & TGFB1
638,CNRIP1,FOG1/ZFPM1,0.228256423152546,CNRIP1 & FOG1/ZFPM1
639,CLU,LOX,0.228244445243357,CLU & LOX
640,CD9,LSD1/KDM1A,0.228234786815452,CD9 & LSD1/KDM1A
641,TAL1,VWF,0.228203055107841,TAL1 & VWF
642,CD36,RUNX1,0.227903896655539,CD36 & RUNX1
643,CD9,RUNX1,0.227895531339674,CD9 & RUNX1
644,CLU,DDB1,0.227820736848664,CLU & DDB1
645,JAK2,MEIS1,0.227815151723341,JAK2 & MEIS1
646,SPI1,TAL1,0.227749615749021,SPI1 & TAL1
647,CD44,HIF1A,0.227511773392144,CD44 & HIF1A
648,CNRIP1,GFI1B,0.227468131131392,CNRIP1 & GFI1B
649,CD105/ENG,KLF1,0.227336542878547,CD105/ENG & KLF1
650,EIF4EBP1,SDPR,0.226730326360758,EIF4EBP1 & SDPR
651,ETS1,SPI1,0.226164721662813,ETS1 & SPI1
652,CD38,DDB1,0.226144614475016,CD38 & DDB1
653,CD36,DDB1,0.22603702034828,CD36 & DDB1
654,CD36,CD42/GP1BA,0.225918595732302,CD36 & CD42/GP1BA
655,CD38,GABPA,0.22590709466211,CD38 & GABPA
656,HIF1A,VWF,0.225621008667375,HIF1A & VWF
657,ETS1,MYB,0.225164557705643,ETS1 & MYB
658,CD110/MPL,SRD5A3,0.22516369489567,CD110/MPL & SRD5A3
659,CD110/MPL,CNRIP1,0.225158595566699,CD110/MPL & CNRIP1
660,CD34,JAK2,0.225127612225432,CD34 & JAK2
661,CD36,CDK4,0.225121884322642,CD36 & CDK4
662,CD105/ENG,SPI1,0.225072011809486,CD105/ENG & SPI1
663,GATA2,SRD5A3,0.225010205630838,GATA2 & SRD5A3
664,CD9,MCL1,0.224990672364935,CD9 & MCL1
665,P27KIP1/CDKN1B,TAL1,0.224959680008768,P27KIP1/CDKN1B & TAL1
666,GABPA,GATA1,0.224947971392155,GABPA & GATA1
667,CD105/ENG,CD34,0.224922726411141,CD105/ENG & CD34
668,CD9,CNRIP1,0.224828360529263,CD9 & CNRIP1
669,CD71/TFRC,RGS18,0.22468138334743,CD71/TFRC & RGS18
670,MYB,RGS18,0.224620862541692,MYB & RGS18
671,GFI1B,TMEM180/MFSD13A,0.224427630444685,GFI1B & TMEM180/MFSD13A
672,CD34,MEIS1,0.22430002414897,CD34 & MEIS1
673,CD44,SELP,0.224230893277331,CD44 & SELP
674,CTNNB1,SPI1,0.224169276405589,CTNNB1 & SPI1
675,CD38,TGFB1,0.224121651032549,CD38 & TGFB1
676,GATA1,SDPR,0.224044179852018,GATA1 & SDPR
677,FHL1,MYB,0.223307639953635,FHL1 & MYB
678,ANK1,GATA2,0.223267714422784,ANK1 & GATA2
679,CD105/ENG,CD36,0.223115432878885,CD105/ENG & CD36
680,MCL1,RGS18,0.223023277156942,MCL1 & RGS18
681,CD42/GP1BA,FOG1/ZFPM1,0.222747368001423,CD42/GP1BA & FOG1/ZFPM1
682,GATA1,VWF,0.222724829154907,GATA1 & VWF
683,JAK2,TMOD1,0.222713290834299,JAK2 & TMOD1
684,CD38,GATA1,0.222678326160151,CD38 & GATA1
685,CD34,GATA1,0.222581382733104,CD34 & GATA1
686,KLF1,MCL1,0.222075356808935,KLF1 & MCL1
687,CXCR4,MCL1,0.221808142726444,CXCR4 & MCL1
688,MEIS1,P27KIP1/CDKN1B,0.221806905272322,MEIS1 & P27KIP1/CDKN1B
689,GFI1B,SDPR,0.221676890271995,GFI1B & SDPR
690,CD61/ITGB3,CNRIP1,0.22163300294037,CD61/ITGB3 & CNRIP1
691,DDB1,FOG1/ZFPM1,0.221460911405292,DDB1 & FOG1/ZFPM1
692,CD61/ITGB3,SDPR,0.221332172268902,CD61/ITGB3 & SDPR
693,CD36,MCL1,0.221116346183554,CD36 & MCL1
694,GABPA,SPI1,0.220804500950727,GABPA & SPI1
695,CD44,GFI1B,0.220762806955367,CD44 & GFI1B
696,CDK6,SDPR,0.220736762073117,CDK6 & SDPR
697,CD110/MPL,SDPR,0.220086571175907,CD110/MPL & SDPR
698,JAK2,TMEM180/MFSD13A,0.22001984941473,JAK2 & TMEM180/MFSD13A
699,CD42/GP1BA,SELP,0.219564190686748,CD42/GP1BA & SELP
700,CD42/GP1BA,RGS18,0.219562032315472,CD42/GP1BA & RGS18
701,GATA2,SDPR,0.219497393622866,GATA2 & SDPR
702,EIF4EBP1,VWF,0.219309577757052,EIF4EBP1 & VWF
703,MYB,TMEM180/MFSD13A,0.219233307740207,MYB & TMEM180/MFSD13A
704,KLF1,SRD5A3,0.219171296901439,KLF1 & SRD5A3
705,EIF4EBP1,SELP,0.219000267278548,EIF4EBP1 & SELP
706,GATA1,SELP,0.218907138365651,GATA1 & SELP
707,HIF1A,SDPR,0.218161465818672,HIF1A & SDPR
708,CD44,HPRT1,0.218062013033891,CD44 & HPRT1
709,DDB1,P27KIP1/CDKN1B,0.217741613477516,DDB1 & P27KIP1/CDKN1B
710,TGFB1,TMOD1,0.217521082491027,TGFB1 & TMOD1
711,DDB1,VWF,0.21746670539065,DDB1 & VWF
712,CD44,P27KIP1/CDKN1B,0.217205073458807,CD44 & P27KIP1/CDKN1B
713,P27KIP1/CDKN1B,RGS18,0.216880280192088,P27KIP1/CDKN1B & RGS18
714,CD44,CLU,0.216859037769137,CD44 & CLU
715,FOG1/ZFPM1,GATA2,0.216796195070382,FOG1/ZFPM1 & GATA2
716,CD61/ITGB3,GATA2,0.21662926799868,CD61/ITGB3 & GATA2
717,CD105/ENG,TMOD1,0.216573456968841,CD105/ENG & TMOD1
718,HPRT1,LOX,0.216471808141484,HPRT1 & LOX
719,FOG1/ZFPM1,HPRT1,0.216106080310743,FOG1/ZFPM1 & HPRT1
720,BIM/BCL2,EIF4EBP1,0.21601634694611,BIM/BCL2 & EIF4EBP1
721,JAK2,KLF1,0.215988742418467,JAK2 & KLF1
722,FOG1/ZFPM1,GFI1B,0.21596014021862,FOG1/ZFPM1 & GFI1B
723,CD9,GFI1B,0.215659762090413,CD9 & GFI1B
724,CD61/ITGB3,CD9,0.215358592280622,CD61/ITGB3 & CD9
725,CD105/ENG,CD110/MPL,0.215358044475171,CD105/ENG & CD110/MPL
726,MCL1,TMOD1,0.215350737767338,MCL1 & TMOD1
727,CD61/ITGB3,CTNNB1,0.215265540384545,CD61/ITGB3 & CTNNB1
728,CLU,PIM1,0.215198995021111,CLU & PIM1
729,CD36,CD38,0.214885959011679,CD36 & CD38
730,CD36,EIF4EBP1,0.214867607640876,CD36 & EIF4EBP1
731,CD44,SRD5A3,0.214656552438238,CD44 & SRD5A3
732,MCL1,TUBB2A,0.214626372906975,MCL1 & TUBB2A
733,CD34,CD9,0.214427986794191,CD34 & CD9
734,CD9,GATA1,0.214317929572265,CD9 & GATA1
735,ETS1,GFI1B,0.214093520885468,ETS1 & GFI1B
736,CLU,ETS1,0.214059833199824,CLU & ETS1
737,DDB1,SDPR,0.213728235133838,DDB1 & SDPR
738,EIF4EBP1,FHL1,0.213709604736834,EIF4EBP1 & FHL1
739,SRD5A3,TMEM180/MFSD13A,0.21332704157079,SRD5A3 & TMEM180/MFSD13A
740,CD61/ITGB3,EIF4EBP1,0.213281294197348,CD61/ITGB3 & EIF4EBP1
741,GFI1B,P27KIP1/CDKN1B,0.213260070059969,GFI1B & P27KIP1/CDKN1B
742,CD117/KIT,DHRS3,0.21310846480222,CD117/KIT & DHRS3
743,CD105/ENG,CLU,0.212927547784626,CD105/ENG & CLU
744,HPRT1,SPI1,0.212815519876239,HPRT1 & SPI1
745,CDK6,FOG1/ZFPM1,0.212459011474682,CDK6 & FOG1/ZFPM1
746,FOG1/ZFPM1,GABPA,0.212417302334505,FOG1/ZFPM1 & GABPA
747,CTNNB1,TMOD1,0.212237722364251,CTNNB1 & TMOD1
748,CTNNB1,VWF,0.21213486462434,CTNNB1 & VWF
749,CD117/KIT,CD36,0.212101480986804,CD117/KIT & CD36
750,CD42/GP1BA,P27KIP1/CDKN1B,0.211945761573099,CD42/GP1BA & P27KIP1/CDKN1B
751,CD105/ENG,DHRS3,0.211941721673933,CD105/ENG & DHRS3
752,CD44,JAK2,0.211752810542778,CD44 & JAK2
753,FHL1,TGFB1,0.211524583119205,FHL1 & TGFB1
754,CD110/MPL,GABPA,0.210782384293445,CD110/MPL & GABPA
755,CD38,GATA2,0.21072941808042,CD38 & GATA2
756,CXCR4,EIF4EBP1,0.210270313681786,CXCR4 & EIF4EBP1
757,GFI1B,SPI1,0.209730527899159,GFI1B & SPI1
758,CDK4,SPI1,0.209715871398657,CDK4 & SPI1
759,CD36,CTNNB1,0.209632688065877,CD36 & CTNNB1
760,BIM/BCL2,LSD1/KDM1A,0.209595052101085,BIM/BCL2 & LSD1/KDM1A
761,CDK6,VWF,0.209558735853465,CDK6 & VWF
762,HPRT1,MEIS1,0.209407082194959,HPRT1 & MEIS1
763,CDK4,KLF1,0.209338607188242,CDK4 & KLF1
764,EIF4EBP1,TMOD1,0.209260487006002,EIF4EBP1 & TMOD1
765,CD36,CDK6,0.209168670338008,CD36 & CDK6
766,CD9,EIF4EBP1,0.209014023004597,CD9 & EIF4EBP1
767,FOG1/ZFPM1,JAK2,0.208907414614328,FOG1/ZFPM1 & JAK2
768,GABPA,MEIS1,0.20850908275825,GABPA & MEIS1
769,CD9,TAL1,0.208352261992679,CD9 & TAL1
770,GATA2,SPI1,0.20829679063055,GATA2 & SPI1
771,CDK4,DHRS3,0.208048307475072,CDK4 & DHRS3
772,ETS1,P27KIP1/CDKN1B,0.20778605210743,ETS1 & P27KIP1/CDKN1B
773,ANK1,GABPA,0.207681459314598,ANK1 & GABPA
774,MEIS1,MYB,0.207557305568704,MEIS1 & MYB
775,CD117/KIT,CD9,0.207547211454819,CD117/KIT & CD9
776,CD41/ITGA2B,RGS18,0.207490150033117,CD41/ITGA2B & RGS18
777,CD44,CD9,0.207374904233292,CD44 & CD9
778,CD34,VWF,0.207106798400644,CD34 & VWF
779,FOG1/ZFPM1,MYB,0.206991183646308,FOG1/ZFPM1 & MYB
780,CD110/MPL,SPI1,0.206947886463644,CD110/MPL & SPI1
781,CD9,CLU,0.206723083310582,CD9 & CLU
782,CD105/ENG,P27KIP1/CDKN1B,0.206560170522073,CD105/ENG & P27KIP1/CDKN1B
783,ANK1,VWF,0.206439331843757,ANK1 & VWF
784,CD61/ITGB3,LSD1/KDM1A,0.206403821021565,CD61/ITGB3 & LSD1/KDM1A
785,CD41/ITGA2B,FHL1,0.206139888294341,CD41/ITGA2B & FHL1
786,CD105/ENG,CD44,0.206093546781546,CD105/ENG & CD44
787,DHRS3,JAK2,0.206016423181761,DHRS3 & JAK2
788,MEIS1,SRD5A3,0.205969905524157,MEIS1 & SRD5A3
789,DHRS3,MYB,0.205927339779254,DHRS3 & MYB
790,GATA1,SPI1,0.205884448026327,GATA1 & SPI1
791,DDB1,SPI1,0.205844211309462,DDB1 & SPI1
792,LSD1/KDM1A,RGS18,0.205793108206019,LSD1/KDM1A & RGS18
793,CNRIP1,CTNNB1,0.205291973231178,CNRIP1 & CTNNB1
794,CLU,CXCR4,0.205240500430749,CLU & CXCR4
795,DHRS3,EIF4EBP1,0.204636794294937,DHRS3 & EIF4EBP1
796,ETS1,SDPR,0.204491731823109,ETS1 & SDPR
797,CD41/ITGA2B,P27KIP1/CDKN1B,0.204251292476357,CD41/ITGA2B & P27KIP1/CDKN1B
798,CD42/GP1BA,TMOD1,0.203756107073337,CD42/GP1BA & TMOD1
799,HPRT1,SDPR,0.203752560526518,HPRT1 & SDPR
800,CD110/MPL,RGS18,0.203740602065943,CD110/MPL & RGS18
801,CD117/KIT,SDPR,0.203709996161091,CD117/KIT & SDPR
802,MYB,VWF,0.203330328791364,MYB & VWF
803,CLU,JAK2,0.20332664600288,CLU & JAK2
804,JAK2,VWF,0.203133519654,JAK2 & VWF
805,CD42/GP1BA,TUBB2A,0.20312912294465,CD42/GP1BA & TUBB2A
806,CD105/ENG,ETS1,0.202983541838634,CD105/ENG & ETS1
807,CD34,SDPR,0.20287282884965,CD34 & SDPR
808,CDK4,FOG1/ZFPM1,0.202744118392008,CDK4 & FOG1/ZFPM1
809,MYB,SPI1,0.202577358876951,MYB & SPI1
810,CD36,FOG1/ZFPM1,0.202416312120404,CD36 & FOG1/ZFPM1
811,CDK4,TMOD1,0.202340083525137,CDK4 & TMOD1
812,KLF1,RUNX1,0.202130058698694,KLF1 & RUNX1
813,CD110/MPL,TMOD1,0.202038360076042,CD110/MPL & TMOD1
814,RGS18,TAL1,0.201977346873974,RGS18 & TAL1
815,GABPA,SELP,0.201621534694169,GABPA & SELP
816,DDB1,SELP,0.201590042932964,DDB1 & SELP
817,CD34,P27KIP1/CDKN1B,0.201586054492592,CD34 & P27KIP1/CDKN1B
818,CNRIP1,ETS1,0.201553824777151,CNRIP1 & ETS1
819,SPI1,SRD5A3,0.201489219018225,SPI1 & SRD5A3
820,CD44,LOX,0.201062281725001,CD44 & LOX
821,HPRT1,TMOD1,0.200995012454332,HPRT1 & TMOD1
822,RGS18,VWF,0.200852174337145,RGS18 & VWF
823,CD110/MPL,CDK4,0.200812450613357,CD110/MPL & CDK4
824,GABPA,TMEM180/MFSD13A,0.200668630197637,GABPA & TMEM180/MFSD13A
825,DDB1,DHRS3,0.200522486851,DDB1 & DHRS3
826,CD34,CDK4,0.200511072364652,CD34 & CDK4
827,CDK6,RGS18,0.200463945025574,CDK6 & RGS18
828,FOG1/ZFPM1,SDPR,0.20038402907304,FOG1/ZFPM1 & SDPR
829,PIM1,TGFB1,0.200375685637778,PIM1 & TGFB1
830,FHL1,TAL1,0.199910589429749,FHL1 & TAL1
831,CTNNB1,KLF1,0.199595325384777,CTNNB1 & KLF1
832,CD117/KIT,CD61/ITGB3,0.199272255415129,CD117/KIT & CD61/ITGB3
833,RGS18,TGFB1,0.199118471120788,RGS18 & TGFB1
834,CDK4,GABPA,0.199053617882316,CDK4 & GABPA
835,DHRS3,HPRT1,0.198938928326338,DHRS3 & HPRT1
836,CD44,SDPR,0.198670419754262,CD44 & SDPR
837,HPRT1,VWF,0.198580677336746,HPRT1 & VWF
838,CLU,GFI1B,0.19852868918962,CLU & GFI1B
839,DHRS3,TMEM180/MFSD13A,0.198408050414906,DHRS3 & TMEM180/MFSD13A
840,CD61/ITGB3,DDB1,0.198086297635423,CD61/ITGB3 & DDB1
841,JAK2,LOX,0.198024787154514,JAK2 & LOX
842,JAK2,SDPR,0.197953226154666,JAK2 & SDPR
843,GATA2,RGS18,0.197882403571492,GATA2 & RGS18
844,ETS1,HPRT1,0.19759975064824,ETS1 & HPRT1
845,ANK1,BIM/BCL2,0.197453436754432,ANK1 & BIM/BCL2
846,CD44,GABPA,0.197369710966009,CD44 & GABPA
847,CNRIP1,VWF,0.197214922356672,CNRIP1 & VWF
848,CD34,RGS18,0.197152222710591,CD34 & RGS18
849,CD61/ITGB3,MYB,0.197055649115599,CD61/ITGB3 & MYB
850,CD105/ENG,LOX,0.196665361774724,CD105/ENG & LOX
851,ETS1,TMEM180/MFSD13A,0.196638118316031,ETS1 & TMEM180/MFSD13A
852,CD44,KLF1,0.196527518365402,CD44 & KLF1
853,FOG1/ZFPM1,KLF1,0.196271317805384,FOG1/ZFPM1 & KLF1
854,CDK4,MEIS1,0.196057935378074,CDK4 & MEIS1
855,GATA2,VWF,0.195591830413202,GATA2 & VWF
856,CD34,CNRIP1,0.195528980669034,CD34 & CNRIP1
857,CXCR4,GABPA,0.19538176549642,CXCR4 & GABPA
858,CD117/KIT,RGS18,0.195303868086919,CD117/KIT & RGS18
859,CD38,KLF1,0.194856113769066,CD38 & KLF1
860,CXCR4,TAL1,0.19484325146948,CXCR4 & TAL1
861,MCL1,PIM1,0.194744952633671,MCL1 & PIM1
862,P27KIP1/CDKN1B,SRD5A3,0.194615147595412,P27KIP1/CDKN1B & SRD5A3
863,SRD5A3,TMOD1,0.194357368523732,SRD5A3 & TMOD1
864,CCDC124,CDK6,0.194128753178453,CCDC124 & CDK6
865,CDK4,VWF,0.194097469886628,CDK4 & VWF
866,CXCR4,LSD1/KDM1A,0.194047935549964,CXCR4 & LSD1/KDM1A
867,CD9,CTNNB1,0.193922384894634,CD9 & CTNNB1
868,SRD5A3,VWF,0.193695031924244,SRD5A3 & VWF
869,CD105/ENG,FOG1/ZFPM1,0.193614009715169,CD105/ENG & FOG1/ZFPM1
870,GATA2,LOX,0.193594818433209,GATA2 & LOX
871,GATA1,MEIS1,0.193227591403115,GATA1 & MEIS1
872,GABPA,RGS18,0.193171702577465,GABPA & RGS18
873,CD9,DDB1,0.192897232097561,CD9 & DDB1
874,CD71/TFRC,TUBB2A,0.192892811806503,CD71/TFRC & TUBB2A
875,HIF1A,SELP,0.192794488662902,HIF1A & SELP
876,CTNNB1,CXCR4,0.192631138082423,CTNNB1 & CXCR4
877,CD71/TFRC,P27KIP1/CDKN1B,0.192598726039383,CD71/TFRC & P27KIP1/CDKN1B
878,CD105/ENG,SDPR,0.192484077873341,CD105/ENG & SDPR
879,GATA1,TMOD1,0.192465331441428,GATA1 & TMOD1
880,CTNNB1,TUBB2A,0.192334249703783,CTNNB1 & TUBB2A
881,BIM/BCL2,CD105/ENG,0.192219235447146,BIM/BCL2 & CD105/ENG
882,CD42/GP1BA,DHRS3,0.192029547487145,CD42/GP1BA & DHRS3
883,RGS18,RUNX1,0.192022558307421,RGS18 & RUNX1
884,CD71/TFRC,FHL1,0.191654740134951,CD71/TFRC & FHL1
885,KLF1,TGFB1,0.191615463826526,KLF1 & TGFB1
886,CD44,DHRS3,0.191569021859266,CD44 & DHRS3
887,CD44,VWF,0.191313470858086,CD44 & VWF
888,CTNNB1,RGS18,0.191125419191959,CTNNB1 & RGS18
889,CLU,SRD5A3,0.190920891122273,CLU & SRD5A3
890,CD110/MPL,ETS1,0.190708740930313,CD110/MPL & ETS1
891,BIM/BCL2,CD41/ITGA2B,0.190255133835893,BIM/BCL2 & CD41/ITGA2B
892,BIM/BCL2,CD117/KIT,0.19022817674316,BIM/BCL2 & CD117/KIT
893,GFI1B,RGS18,0.190213063694467,GFI1B & RGS18
894,CD36,GABPA,0.19010876938199,CD36 & GABPA
895,MEIS1,RGS18,0.190007576013131,MEIS1 & RGS18
896,CD117/KIT,VWF,0.189683802564968,CD117/KIT & VWF
897,ETS1,GATA2,0.189654288646817,ETS1 & GATA2
898,CLU,SELP,0.189651818222861,CLU & SELP
899,MYB,TUBB2A,0.189432799993352,MYB & TUBB2A
900,CD36,CD44,0.189328491808746,CD36 & CD44
901,SDPR,SRD5A3,0.189295717987981,SDPR & SRD5A3
902,CD110/MPL,CD44,0.189185887905655,CD110/MPL & CD44
903,GATA2,P27KIP1/CDKN1B,0.189138642238024,GATA2 & P27KIP1/CDKN1B
904,CTNNB1,FHL1,0.188637325561565,CTNNB1 & FHL1
905,ANK1,SDPR,0.188423670714698,ANK1 & SDPR
906,JAK2,SELP,0.188303643437474,JAK2 & SELP
907,GABPA,LOX,0.188299679513707,GABPA & LOX
908,LOX,SRD5A3,0.188154473908708,LOX & SRD5A3
909,CXCR4,RUNX1,0.187953669704938,CXCR4 & RUNX1
910,DDB1,RGS18,0.187822197431287,DDB1 & RGS18
911,CD105/ENG,CD38,0.187777101848563,CD105/ENG & CD38
912,CD41/ITGA2B,PIM1,0.187764372079698,CD41/ITGA2B & PIM1
913,CD9,ETS1,0.187679191754909,CD9 & ETS1
914,BIM/BCL2,CNRIP1,0.18761628579775,BIM/BCL2 & CNRIP1
915,CD9,HIF1A,0.187378371296986,CD9 & HIF1A
916,BIM/BCL2,CDK6,0.187281307261014,BIM/BCL2 & CDK6
917,FHL1,RUNX1,0.187126491164705,FHL1 & RUNX1
918,CD36,TUBB2A,0.187121352858383,CD36 & TUBB2A
919,CLU,FOG1/ZFPM1,0.186995980071067,CLU & FOG1/ZFPM1
920,CD44,RGS18,0.186902293719969,CD44 & RGS18
921,CD36,SDPR,0.186755675309758,CD36 & SDPR
922,MEIS1,SDPR,0.186641025849993,MEIS1 & SDPR
923,CDK4,P27KIP1/CDKN1B,0.186610478999628,CDK4 & P27KIP1/CDKN1B
924,CLU,FOXO3,0.186509593550768,CLU & FOXO3
925,FOG1/ZFPM1,SRD5A3,0.186382066728418,FOG1/ZFPM1 & SRD5A3
926,GABPA,TUBB2A,0.186331175138953,GABPA & TUBB2A
927,LOX,SELP,0.186215609455922,LOX & SELP
928,CD42/GP1BA,PIM1,0.186126909173838,CD42/GP1BA & PIM1
929,CD42/GP1BA,CD47,0.185951153189315,CD42/GP1BA & CD47
930,CD110/MPL,SELP,0.185934747154494,CD110/MPL & SELP
931,CD36,HIF1A,0.185824442505369,CD36 & HIF1A
932,BIM/BCL2,GATA1,0.185700726982121,BIM/BCL2 & GATA1
933,ETS1,GATA1,0.184899760666185,ETS1 & GATA1
934,CD34,CD36,0.184194245381132,CD34 & CD36
935,SDPR,VWF,0.183802926522212,SDPR & VWF
936,BIM/BCL2,MCL1,0.183588010740609,BIM/BCL2 & MCL1
937,CNRIP1,HIF1A,0.183537502561429,CNRIP1 & HIF1A
938,CCDC124,RUNX1,0.183479479919328,CCDC124 & RUNX1
939,CD38,CDK4,0.183470547831841,CD38 & CDK4
940,CD9,CDK6,0.183444043802079,CD9 & CDK6
941,CD38,SRD5A3,0.183279403245557,CD38 & SRD5A3
942,CCDC124,MCL1,0.183143308863112,CCDC124 & MCL1
943,CD38,CD42/GP1BA,0.183108782275086,CD38 & CD42/GP1BA
944,ETS1,RGS18,0.183023351529668,ETS1 & RGS18
945,CD36,SRD5A3,0.183013112590793,CD36 & SRD5A3
946,HIF1A,LOX,0.182991833188542,HIF1A & LOX
947,CCDC124,CD71/TFRC,0.18264061860897,CCDC124 & CD71/TFRC
948,CD71/TFRC,PIM1,0.182510744908522,CD71/TFRC & PIM1
949,CDK6,DHRS3,0.182410251592809,CDK6 & DHRS3
950,CCDC124,CD41/ITGA2B,0.182381789535405,CCDC124 & CD41/ITGA2B
951,ANK1,CD34,0.1822966569895,ANK1 & CD34
952,MEIS1,SPI1,0.182213728830363,MEIS1 & SPI1
953,CCDC124,TAL1,0.182202634718754,CCDC124 & TAL1
954,CD47,TGFB1,0.182002722696214,CD47 & TGFB1
955,DDB1,PIM1,0.181933820774879,DDB1 & PIM1
956,FOXO3,TAL1,0.181824386457524,FOXO3 & TAL1
957,CNRIP1,SDPR,0.181750146962643,CNRIP1 & SDPR
958,GATA2,TMEM180/MFSD13A,0.181628499030826,GATA2 & TMEM180/MFSD13A
959,CNRIP1,RGS18,0.181584657923947,CNRIP1 & RGS18
960,ANK1,MEIS1,0.181409065596121,ANK1 & MEIS1
961,FOXO3,P27KIP1/CDKN1B,0.18127969643833,FOXO3 & P27KIP1/CDKN1B
962,CDK4,CLU,0.181250994622006,CDK4 & CLU
963,CD44,CDK4,0.181078928103697,CD44 & CDK4
964,CD9,GATA2,0.181043322257261,CD9 & GATA2
965,LSD1/KDM1A,PIM1,0.180978575916947,LSD1/KDM1A & PIM1
966,CD105/ENG,SELP,0.180970178751304,CD105/ENG & SELP
967,CD44,MEIS1,0.180887477177711,CD44 & MEIS1
968,CD61/ITGB3,HIF1A,0.180821796790126,CD61/ITGB3 & HIF1A
969,HIF1A,TMEM180/MFSD13A,0.180685077906525,HIF1A & TMEM180/MFSD13A
970,MEIS1,SELP,0.180655846027365,MEIS1 & SELP
971,CXCR4,SDPR,0.180605118400438,CXCR4 & SDPR
972,SELP,SRD5A3,0.180208342412528,SELP & SRD5A3
973,ANK1,CD9,0.180028823280723,ANK1 & CD9
974,JAK2,SPI1,0.179661875015994,JAK2 & SPI1
975,CD61/ITGB3,HPRT1,0.179616761786528,CD61/ITGB3 & HPRT1
976,P27KIP1/CDKN1B,TMEM180/MFSD13A,0.179554089750234,P27KIP1/CDKN1B & TMEM180/MFSD13A
977,DHRS3,GFI1B,0.179546217508041,DHRS3 & GFI1B
978,FOG1/ZFPM1,HIF1A,0.179351138435698,FOG1/ZFPM1 & HIF1A
979,CD110/MPL,TMEM180/MFSD13A,0.17899468886466,CD110/MPL & TMEM180/MFSD13A
980,CXCR4,TGFB1,0.178979372783209,CXCR4 & TGFB1
981,CXCR4,MYB,0.178690831043707,CXCR4 & MYB
982,CNRIP1,SELP,0.178621306500316,CNRIP1 & SELP
983,CCDC124,LSD1/KDM1A,0.178590165730129,CCDC124 & LSD1/KDM1A
984,CD44,FHL1,0.178522064913947,CD44 & FHL1
985,FOG1/ZFPM1,P27KIP1/CDKN1B,0.17847858243282,FOG1/ZFPM1 & P27KIP1/CDKN1B
986,CLU,SPI1,0.178473127748534,CLU & SPI1
987,GATA2,PIM1,0.178408303824802,GATA2 & PIM1
988,BIM/BCL2,CDK4,0.178207597583185,BIM/BCL2 & CDK4
989,CD34,FHL1,0.178161061736347,CD34 & FHL1
990,TAL1,TUBB2A,0.178148993691907,TAL1 & TUBB2A
991,CDK6,FHL1,0.177897595793807,CDK6 & FHL1
992,CD42/GP1BA,CXCR4,0.177887060601212,CD42/GP1BA & CXCR4
993,CD42/GP1BA,KLF1,0.177676603724672,CD42/GP1BA & KLF1
994,CD61/ITGB3,CDK4,0.177478241944244,CD61/ITGB3 & CDK4
995,EIF4EBP1,RGS18,0.177308626915175,EIF4EBP1 & RGS18
996,CD38,DHRS3,0.177286650430365,CD38 & DHRS3
997,CD38,TMEM180/MFSD13A,0.177085266415736,CD38 & TMEM180/MFSD13A
998,PIM1,RUNX1,0.176966519472443,PIM1 & RUNX1
999,ANK1,HIF1A,0.176545435853124,ANK1 & HIF1A
1000,FHL1,VWF,0.17625372074101,FHL1 & VWF
1001,ANK1,LOX,0.175906365262127,ANK1 & LOX
1002,CD47,CTNNB1,0.175779421800546,CD47 & CTNNB1
1003,MYB,SELP,0.175729156116821,MYB & SELP
1004,CD38,JAK2,0.175569759110048,CD38 & JAK2
1005,LOX,SPI1,0.175233635819773,LOX & SPI1
1006,ETS1,FHL1,0.175226783096562,ETS1 & FHL1
1007,CD36,GFI1B,0.175098937252252,CD36 & GFI1B
1008,FOG1/ZFPM1,MEIS1,0.174985078499287,FOG1/ZFPM1 & MEIS1
1009,CLU,RGS18,0.174711841143449,CLU & RGS18
1010,BIM/BCL2,KLF1,0.174626742121706,BIM/BCL2 & KLF1
1011,CD9,MYB,0.174600019378415,CD9 & MYB
1012,HPRT1,P27KIP1/CDKN1B,0.174489870071936,HPRT1 & P27KIP1/CDKN1B
1013,GATA2,TMOD1,0.17429438492622,GATA2 & TMOD1
1014,EIF4EBP1,TUBB2A,0.174246201968938,EIF4EBP1 & TUBB2A
1015,ANK1,SPI1,0.174167036419365,ANK1 & SPI1
1016,HIF1A,P27KIP1/CDKN1B,0.173590484916222,HIF1A & P27KIP1/CDKN1B
1017,CD9,SDPR,0.17355283348,CD9 & SDPR
1018,CD117/KIT,FHL1,0.173046494725041,CD117/KIT & FHL1
1019,CD117/KIT,FOG1/ZFPM1,0.17296743672772,CD117/KIT & FOG1/ZFPM1
1020,BIM/BCL2,TGFB1,0.172793582526129,BIM/BCL2 & TGFB1
1021,CD9,HPRT1,0.172756202817,CD9 & HPRT1
1022,GATA1,RGS18,0.172755037879334,GATA1 & RGS18
1023,BIM/BCL2,HPRT1,0.172349744083873,BIM/BCL2 & HPRT1
1024,CD117/KIT,P27KIP1/CDKN1B,0.172319386505551,CD117/KIT & P27KIP1/CDKN1B
1025,KLF1,TMEM180/MFSD13A,0.172164795067955,KLF1 & TMEM180/MFSD13A
1026,HPRT1,SELP,0.17209088018188,HPRT1 & SELP
1027,GATA2,KLF1,0.17201395720372,GATA2 & KLF1
1028,HPRT1,RGS18,0.171927561916956,HPRT1 & RGS18
1029,CD105/ENG,PIM1,0.171855645407956,CD105/ENG & PIM1
1030,GATA1,LOX,0.171673576453601,GATA1 & LOX
1031,CD9,GABPA,0.171638041762961,CD9 & GABPA
1032,BIM/BCL2,TMEM180/MFSD13A,0.171550707300194,BIM/BCL2 & TMEM180/MFSD13A
1033,CNRIP1,MEIS1,0.171506143067442,CNRIP1 & MEIS1
1034,CD38,FOG1/ZFPM1,0.171505954554638,CD38 & FOG1/ZFPM1
1035,CD38,CLU,0.171349308618838,CD38 & CLU
1036,CXCR4,DDB1,0.171332859379306,CXCR4 & DDB1
1037,FHL1,SRD5A3,0.171140396595007,FHL1 & SRD5A3
1038,CD47,MYB,0.171004924217754,CD47 & MYB
1039,CD105/ENG,VWF,0.170941359549389,CD105/ENG & VWF
1040,FHL1,GFI1B,0.170929444220293,FHL1 & GFI1B
1041,CD61/ITGB3,JAK2,0.170927534639156,CD61/ITGB3 & JAK2
1042,FHL1,GABPA,0.170886607149305,FHL1 & GABPA
1043,CD38,HIF1A,0.170781775372636,CD38 & HIF1A
1044,HIF1A,RGS18,0.170760280984842,HIF1A & RGS18
1045,CD105/ENG,CD9,0.170299369007782,CD105/ENG & CD9
1046,CD105/ENG,TUBB2A,0.170036586851616,CD105/ENG & TUBB2A
1047,FOG1/ZFPM1,TMEM180/MFSD13A,0.169929002264752,FOG1/ZFPM1 & TMEM180/MFSD13A
1048,CD34,CD61/ITGB3,0.1696829353134,CD34 & CD61/ITGB3
1049,CD41/ITGA2B,TUBB2A,0.169331858307409,CD41/ITGA2B & TUBB2A
1050,GFI1B,SELP,0.16929625404387,GFI1B & SELP
1051,CD9,JAK2,0.168982887049872,CD9 & JAK2
1052,CCDC124,EIF4EBP1,0.168946107694744,CCDC124 & EIF4EBP1
1053,CDK4,ETS1,0.168787285333852,CDK4 & ETS1
1054,CD61/ITGB3,CDK6,0.16878147500004,CD61/ITGB3 & CDK6
1055,CD9,SPI1,0.168745269429007,CD9 & SPI1
1056,JAK2,P27KIP1/CDKN1B,0.168631399893978,JAK2 & P27KIP1/CDKN1B
1057,SPI1,TMEM180/MFSD13A,0.168544147778837,SPI1 & TMEM180/MFSD13A
1058,CD34,TMEM180/MFSD13A,0.168222897052121,CD34 & TMEM180/MFSD13A
1059,BIM/BCL2,MYB,0.168053631586628,BIM/BCL2 & MYB
1060,CD34,DHRS3,0.167763587868853,CD34 & DHRS3
1061,EIF4EBP1,PIM1,0.167708620890712,EIF4EBP1 & PIM1
1062,CTNNB1,PIM1,0.167695093530271,CTNNB1 & PIM1
1063,CD110/MPL,CD36,0.167639139997157,CD110/MPL & CD36
1064,CD61/ITGB3,FOG1/ZFPM1,0.167617451528258,CD61/ITGB3 & FOG1/ZFPM1
1065,CTNNB1,DHRS3,0.167597264359187,CTNNB1 & DHRS3
1066,CD71/TFRC,CXCR4,0.167462872063747,CD71/TFRC & CXCR4
1067,CDK4,SDPR,0.167326158590615,CDK4 & SDPR
1068,CD110/MPL,P27KIP1/CDKN1B,0.16681429787075,CD110/MPL & P27KIP1/CDKN1B
1069,CD61/ITGB3,SPI1,0.166648615643928,CD61/ITGB3 & SPI1
1070,DHRS3,SRD5A3,0.16660975626028,DHRS3 & SRD5A3
1071,CD105/ENG,RGS18,0.166583773301001,CD105/ENG & RGS18
1072,DHRS3,GATA2,0.166525662262904,DHRS3 & GATA2
1073,CD61/ITGB3,RGS18,0.166504877367652,CD61/ITGB3 & RGS18
1074,HIF1A,TMOD1,0.166371192155828,HIF1A & TMOD1
1075,MEIS1,TMEM180/MFSD13A,0.166081691345217,MEIS1 & TMEM180/MFSD13A
1076,CD34,CD38,0.165913920799301,CD34 & CD38
1077,CD36,SELP,0.165905378571459,CD36 & SELP
1078,CD9,SELP,0.165847527179765,CD9 & SELP
1079,CD47,CD71/TFRC,0.165690532866457,CD47 & CD71/TFRC
1080,CD110/MPL,FOG1/ZFPM1,0.165683993740619,CD110/MPL & FOG1/ZFPM1
1081,SPI1,VWF,0.165651111237651,SPI1 & VWF
1082,CD9,CDK4,0.165626925259674,CD9 & CDK4
1083,CLU,CNRIP1,0.16555055037738,CLU & CNRIP1
1084,CD9,LOX,0.165541953841856,CD9 & LOX
1085,ANK1,RGS18,0.165396847192051,ANK1 & RGS18
1086,CD47,MCL1,0.16538348852115,CD47 & MCL1
1087,CNRIP1,TUBB2A,0.16537459368947,CNRIP1 & TUBB2A
1088,HPRT1,PIM1,0.165126366326448,HPRT1 & PIM1
1089,ANK1,SELP,0.164966320524654,ANK1 & SELP
1090,SDPR,TMOD1,0.164894860920981,SDPR & TMOD1
1091,BIM/BCL2,TAL1,0.164855008191922,BIM/BCL2 & TAL1
1092,JAK2,RGS18,0.164661079176239,JAK2 & RGS18
1093,CCDC124,CD105/ENG,0.164619809451027,CCDC124 & CD105/ENG
1094,CD36,GATA2,0.1645766171543,CD36 & GATA2
1095,CLU,GATA1,0.164431975864012,CLU & GATA1
1096,CCDC124,HPRT1,0.163974411192304,CCDC124 & HPRT1
1097,CD38,SDPR,0.163881146926765,CD38 & SDPR
1098,BIM/BCL2,JAK2,0.163743328001742,BIM/BCL2 & JAK2
1099,FOXO3,RGS18,0.162826384427574,FOXO3 & RGS18
1100,GATA1,PIM1,0.16272065817339,GATA1 & PIM1
1101,CXCR4,ETS1,0.162337723532269,CXCR4 & ETS1
1102,FHL1,LSD1/KDM1A,0.16231998019882,FHL1 & LSD1/KDM1A
1103,ETS1,VWF,0.162279811111036,ETS1 & VWF
1104,CD47,CDK6,0.161933125156662,CD47 & CDK6
1105,BIM/BCL2,CD42/GP1BA,0.161833250695853,BIM/BCL2 & CD42/GP1BA
1106,LOX,P27KIP1/CDKN1B,0.16182692612631,LOX & P27KIP1/CDKN1B
1107,CCDC124,GFI1B,0.161746781414471,CCDC124 & GFI1B
1108,CCDC124,TGFB1,0.161672267909324,CCDC124 & TGFB1
1109,CD44,TMEM180/MFSD13A,0.161019018176182,CD44 & TMEM180/MFSD13A
1110,CD105/ENG,CXCR4,0.160533501144661,CD105/ENG & CXCR4
1111,CD36,CD61/ITGB3,0.160467105560775,CD36 & CD61/ITGB3
1112,FOXO3,RUNX1,0.160458695982789,FOXO3 & RUNX1
1113,SDPR,TMEM180/MFSD13A,0.160404954438396,SDPR & TMEM180/MFSD13A
1114,CD42/GP1BA,FHL1,0.160113233876174,CD42/GP1BA & FHL1
1115,DDB1,FHL1,0.160054479046525,DDB1 & FHL1
1116,CD41/ITGA2B,CXCR4,0.159764095731848,CD41/ITGA2B & CXCR4
1117,CD61/ITGB3,PIM1,0.159679378794438,CD61/ITGB3 & PIM1
1118,CDK6,CXCR4,0.159554555724348,CDK6 & CXCR4
1119,FOXO3,SRD5A3,0.159023471673214,FOXO3 & SRD5A3
1120,CDK4,LOX,0.158805916172269,CDK4 & LOX
1121,CDK4,PIM1,0.158532832502673,CDK4 & PIM1
1122,CD34,FOG1/ZFPM1,0.158462460094791,CD34 & FOG1/ZFPM1
1123,CTNNB1,FOXO3,0.15837721885557,CTNNB1 & FOXO3
1124,BIM/BCL2,SRD5A3,0.158301164053325,BIM/BCL2 & SRD5A3
1125,CD44,TMOD1,0.158242259147584,CD44 & TMOD1
1126,CD47,TAL1,0.158211544234061,CD47 & TAL1
1127,ANK1,TUBB2A,0.158182381305759,ANK1 & TUBB2A
1128,ETS1,FOXO3,0.157757141111012,ETS1 & FOXO3
1129,CD117/KIT,CD47,0.157734659483416,CD117/KIT & CD47
1130,CCDC124,DDB1,0.157682960391583,CCDC124 & DDB1
1131,GABPA,VWF,0.157664092004708,GABPA & VWF
1132,CXCR4,TMEM180/MFSD13A,0.157441005746794,CXCR4 & TMEM180/MFSD13A
1133,ANK1,ETS1,0.1574366320796,ANK1 & ETS1
1134,CXCR4,RGS18,0.157159043224104,CXCR4 & RGS18
1135,ANK1,CLU,0.157110740894561,ANK1 & CLU
1136,CDK4,RGS18,0.157010271145955,CDK4 & RGS18
1137,RGS18,TMEM180/MFSD13A,0.156704755812866,RGS18 & TMEM180/MFSD13A
1138,CD36,CLU,0.156702830281124,CD36 & CLU
1139,LOX,TMEM180/MFSD13A,0.156564196155486,LOX & TMEM180/MFSD13A
1140,CD44,PIM1,0.156163057341009,CD44 & PIM1
1141,CD36,TMEM180/MFSD13A,0.15612966153209,CD36 & TMEM180/MFSD13A
1142,DHRS3,GABPA,0.156100698714845,DHRS3 & GABPA
1143,CCDC124,SRD5A3,0.155989557686943,CCDC124 & SRD5A3
1144,PIM1,SDPR,0.155818683511888,PIM1 & SDPR
1145,CD47,EIF4EBP1,0.15576318785933,CD47 & EIF4EBP1
1146,CCDC124,GATA1,0.15557920515094,CCDC124 & GATA1
1147,PIM1,VWF,0.155436516150083,PIM1 & VWF
1148,LOX,SDPR,0.155383192588617,LOX & SDPR
1149,CXCR4,SRD5A3,0.155114996780706,CXCR4 & SRD5A3
1150,SELP,TMEM180/MFSD13A,0.15497261583888,SELP & TMEM180/MFSD13A
1151,ETS1,LOX,0.154886605160778,ETS1 & LOX
1152,CD34,TMOD1,0.154806877527166,CD34 & TMOD1
1153,BIM/BCL2,RUNX1,0.154785936779193,BIM/BCL2 & RUNX1
1154,CLU,TUBB2A,0.154768787531766,CLU & TUBB2A
1155,CNRIP1,SPI1,0.154589107513514,CNRIP1 & SPI1
1156,FOXO3,MCL1,0.154584759995246,FOXO3 & MCL1
1157,CDK6,PIM1,0.154564949109506,CDK6 & PIM1
1158,RGS18,SRD5A3,0.154411763663538,RGS18 & SRD5A3
1159,CNRIP1,LOX,0.154316065637561,CNRIP1 & LOX
1160,FHL1,GATA2,0.154254588804677,FHL1 & GATA2
1161,GABPA,TMOD1,0.154163567783768,GABPA & TMOD1
1162,CCDC124,CDK4,0.154031434853474,CCDC124 & CDK4
1163,CD61/ITGB3,DHRS3,0.153921615614896,CD61/ITGB3 & DHRS3
1164,CCDC124,FOG1/ZFPM1,0.153827951756947,CCDC124 & FOG1/ZFPM1
1165,CD61/ITGB3,GABPA,0.15360976819157,CD61/ITGB3 & GABPA
1166,CD36,MEIS1,0.153531229279125,CD36 & MEIS1
1167,CD110/MPL,PIM1,0.153493931535828,CD110/MPL & PIM1
1168,CD71/TFRC,FOXO3,0.153370428370622,CD71/TFRC & FOXO3
1169,GABPA,PIM1,0.153363433765678,GABPA & PIM1
1170,CD47,LSD1/KDM1A,0.153331162072344,CD47 & LSD1/KDM1A
1171,CDK4,SELP,0.153261989667864,CDK4 & SELP
1172,MYB,PIM1,0.153086696098155,MYB & PIM1
1173,CD9,DHRS3,0.152985225276513,CD9 & DHRS3
1174,CD105/ENG,CD61/ITGB3,0.152754449625288,CD105/ENG & CD61/ITGB3
1175,P27KIP1/CDKN1B,SPI1,0.15268694352793,P27KIP1/CDKN1B & SPI1
1176,CD117/KIT,TUBB2A,0.152422964174299,CD117/KIT & TUBB2A
1177,BIM/BCL2,DDB1,0.15232849469793,BIM/BCL2 & DDB1
1178,GFI1B,KLF1,0.152112647338898,GFI1B & KLF1
1179,CD110/MPL,KLF1,0.151920133764628,CD110/MPL & KLF1
1180,P27KIP1/CDKN1B,VWF,0.151830926077978,P27KIP1/CDKN1B & VWF
1181,BIM/BCL2,DHRS3,0.151764094004197,BIM/BCL2 & DHRS3
1182,GFI1B,TUBB2A,0.15172214769425,GFI1B & TUBB2A
1183,CD61/ITGB3,P27KIP1/CDKN1B,0.151658504092275,CD61/ITGB3 & P27KIP1/CDKN1B
1184,GABPA,KLF1,0.151620680337851,GABPA & KLF1
1185,CDK4,FHL1,0.151619324435494,CDK4 & FHL1
1186,TMEM180/MFSD13A,VWF,0.151453705620272,TMEM180/MFSD13A & VWF
1187,FHL1,HPRT1,0.151334865416078,FHL1 & HPRT1
1188,CD34,PIM1,0.151100632303424,CD34 & PIM1
1189,CNRIP1,P27KIP1/CDKN1B,0.150929677940307,CNRIP1 & P27KIP1/CDKN1B
1190,BIM/BCL2,GABPA,0.150872278705203,BIM/BCL2 & GABPA
1191,CD42/GP1BA,FOXO3,0.150737125281337,CD42/GP1BA & FOXO3
1192,CDK4,CXCR4,0.150700731302257,CDK4 & CXCR4
1193,HIF1A,PIM1,0.15047885669087,HIF1A & PIM1
1194,CD36,LOX,0.150288389881785,CD36 & LOX
1195,CD47,GABPA,0.150282649345069,CD47 & GABPA
1196,CD9,KLF1,0.150199911305169,CD9 & KLF1
1197,CD105/ENG,FOXO3,0.150084164027795,CD105/ENG & FOXO3
1198,P27KIP1/CDKN1B,TMOD1,0.149827476788458,P27KIP1/CDKN1B & TMOD1
1199,FHL1,SDPR,0.149682140983005,FHL1 & SDPR
1200,CXCR4,P27KIP1/CDKN1B,0.14955376515081,CXCR4 & P27KIP1/CDKN1B
1201,DHRS3,SELP,0.149460989813499,DHRS3 & SELP
1202,GFI1B,TMOD1,0.148900374649496,GFI1B & TMOD1
1203,CXCR4,HIF1A,0.148715160977221,CXCR4 & HIF1A
1204,CD38,GFI1B,0.148679299906926,CD38 & GFI1B
1205,CD110/MPL,CXCR4,0.148529456179267,CD110/MPL & CXCR4
1206,FOXO3,GABPA,0.148522266466786,FOXO3 & GABPA
1207,LOX,TUBB2A,0.148371716518475,LOX & TUBB2A
1208,TGFB1,TUBB2A,0.148325367778082,TGFB1 & TUBB2A
1209,CD47,HPRT1,0.148133890838047,CD47 & HPRT1
1210,CDK4,TUBB2A,0.148107335606976,CDK4 & TUBB2A
1211,FOG1/ZFPM1,TMOD1,0.148017952348154,FOG1/ZFPM1 & TMOD1
1212,SDPR,SPI1,0.148008275148003,SDPR & SPI1
1213,DHRS3,SDPR,0.147670279297718,DHRS3 & SDPR
1214,CD44,FOG1/ZFPM1,0.147405177582429,CD44 & FOG1/ZFPM1
1215,CD61/ITGB3,TMEM180/MFSD13A,0.14739003649093,CD61/ITGB3 & TMEM180/MFSD13A
1216,FHL1,GATA1,0.14730323551819,FHL1 & GATA1
1217,FHL1,FOG1/ZFPM1,0.147212482728112,FHL1 & FOG1/ZFPM1
1218,TMEM180/MFSD13A,TMOD1,0.147107472697594,TMEM180/MFSD13A & TMOD1
1219,CD36,SPI1,0.147001556867419,CD36 & SPI1
1220,CD61/ITGB3,SRD5A3,0.146837858982958,CD61/ITGB3 & SRD5A3
1221,DHRS3,LOX,0.146452685005915,DHRS3 & LOX
1222,FHL1,RGS18,0.1462237374092,FHL1 & RGS18
1223,LOX,RGS18,0.146192221473781,LOX & RGS18
1224,SELP,SPI1,0.146126216699678,SELP & SPI1
1225,PIM1,SRD5A3,0.145782792345808,PIM1 & SRD5A3
1226,DDB1,TUBB2A,0.145482515599904,DDB1 & TUBB2A
1227,CD36,FHL1,0.145391937053555,CD36 & FHL1
1228,SELP,VWF,0.145357880970392,SELP & VWF
1229,JAK2,TUBB2A,0.145325301232999,JAK2 & TUBB2A
1230,RGS18,SPI1,0.145307876907295,RGS18 & SPI1
1231,CD34,KLF1,0.145290212976529,CD34 & KLF1
1232,CCDC124,CD117/KIT,0.145141514296747,CCDC124 & CD117/KIT
1233,CD117/KIT,CXCR4,0.14486402292737,CD117/KIT & CXCR4
1234,CCDC124,JAK2,0.14484846215394,CCDC124 & JAK2
1235,CXCR4,GFI1B,0.144795476259916,CXCR4 & GFI1B
1236,FHL1,LOX,0.14474288736267,FHL1 & LOX
1237,EIF4EBP1,FOXO3,0.144548593497212,EIF4EBP1 & FOXO3
1238,RUNX1,TUBB2A,0.144478644542277,RUNX1 & TUBB2A
1239,FOXO3,JAK2,0.144428259725544,FOXO3 & JAK2
1240,CCDC124,CD42/GP1BA,0.144322282889969,CCDC124 & CD42/GP1BA
1241,FOXO3,VWF,0.144228855200468,FOXO3 & VWF
1242,FOXO3,SDPR,0.144202730522985,FOXO3 & SDPR
1243,CCDC124,CTNNB1,0.144196059214683,CCDC124 & CTNNB1
1244,CNRIP1,FHL1,0.144161214644038,CNRIP1 & FHL1
1245,CXCR4,SPI1,0.144056784255823,CXCR4 & SPI1
1246,CD36,RGS18,0.144005696615981,CD36 & RGS18
1247,FHL1,JAK2,0.143933591528903,FHL1 & JAK2
1248,CD34,CXCR4,0.143868490417884,CD34 & CXCR4
1249,CXCR4,JAK2,0.143832326233555,CXCR4 & JAK2
1250,CD9,FHL1,0.143655905869452,CD9 & FHL1
1251,CD9,CXCR4,0.143572162683669,CD9 & CXCR4
1252,ETS1,TMOD1,0.143399070473458,ETS1 & TMOD1
1253,SPI1,TUBB2A,0.143375182309953,SPI1 & TUBB2A
1254,SDPR,SELP,0.143232279134183,SDPR & SELP
1255,CD47,RUNX1,0.143212944714791,CD47 & RUNX1
1256,DHRS3,HIF1A,0.143128965738244,DHRS3 & HIF1A
1257,CD47,DDB1,0.142954780882862,CD47 & DDB1
1258,GATA1,P27KIP1/CDKN1B,0.142673611453414,GATA1 & P27KIP1/CDKN1B
1259,CD105/ENG,CD47,0.142543380481031,CD105/ENG & CD47
1260,ETS1,FOG1/ZFPM1,0.142151384967311,ETS1 & FOG1/ZFPM1
1261,CD36,VWF,0.141923121536902,CD36 & VWF
1262,ANK1,PIM1,0.141865349880652,ANK1 & PIM1
1263,FHL1,HIF1A,0.141848726151573,FHL1 & HIF1A
1264,FOG1/ZFPM1,RGS18,0.141716052441247,FOG1/ZFPM1 & RGS18
1265,CXCR4,VWF,0.141571241493951,CXCR4 & VWF
1266,CD38,TMOD1,0.141100248608766,CD38 & TMOD1
1267,CD38,CD9,0.141023560856838,CD38 & CD9
1268,LOX,TMOD1,0.140423479339718,LOX & TMOD1
1269,CD41/ITGA2B,CD47,0.140170070035603,CD41/ITGA2B & CD47
1270,ETS1,TUBB2A,0.140070343094207,ETS1 & TUBB2A
1271,CD36,ETS1,0.139965713660936,CD36 & ETS1
1272,RGS18,TMOD1,0.139771387358655,RGS18 & TMOD1
1273,CXCR4,MEIS1,0.139683051942099,CXCR4 & MEIS1
1274,CD9,TMEM180/MFSD13A,0.139594477626328,CD9 & TMEM180/MFSD13A
1275,FOXO3,GFI1B,0.139584479388828,FOXO3 & GFI1B
1276,CDK6,TUBB2A,0.139558100485278,CDK6 & TUBB2A
1277,CCDC124,HIF1A,0.139413997220576,CCDC124 & HIF1A
1278,DHRS3,PIM1,0.139346580331993,DHRS3 & PIM1
1279,DHRS3,TUBB2A,0.139256422674191,DHRS3 & TUBB2A
1280,TUBB2A,VWF,0.139120460699471,TUBB2A & VWF
1281,CXCR4,GATA2,0.139079788485879,CXCR4 & GATA2
1282,ANK1,FHL1,0.139061340191609,ANK1 & FHL1
1283,CDK4,FOXO3,0.138853237931874,CDK4 & FOXO3
1284,CD61/ITGB3,SELP,0.13881641944143,CD61/ITGB3 & SELP
1285,FOG1/ZFPM1,PIM1,0.138802145806021,FOG1/ZFPM1 & PIM1
1286,SRD5A3,TUBB2A,0.138668205210585,SRD5A3 & TUBB2A
1287,ANK1,CCDC124,0.138570174996714,ANK1 & CCDC124
1288,DHRS3,ETS1,0.138306441649069,DHRS3 & ETS1
1289,FHL1,SPI1,0.138178722738628,FHL1 & SPI1
1290,CD110/MPL,FHL1,0.138092675359294,CD110/MPL & FHL1
1291,CD9,SRD5A3,0.137937812774819,CD9 & SRD5A3
1292,HPRT1,TUBB2A,0.137802278393349,HPRT1 & TUBB2A
1293,FOXO3,TGFB1,0.137795062754633,FOXO3 & TGFB1
1294,MEIS1,PIM1,0.137488771193277,MEIS1 & PIM1
1295,HIF1A,TUBB2A,0.137370443468094,HIF1A & TUBB2A
1296,CD47,TMOD1,0.137237498099585,CD47 & TMOD1
1297,CD38,CD44,0.137207910983774,CD38 & CD44
1298,FOXO3,MYB,0.136960284353974,FOXO3 & MYB
1299,TMOD1,TUBB2A,0.136356233978563,TMOD1 & TUBB2A
1300,CD41/ITGA2B,FOXO3,0.136338600124109,CD41/ITGA2B & FOXO3
1301,CD34,TUBB2A,0.1357988316224,CD34 & TUBB2A
1302,CXCR4,HPRT1,0.135760993498958,CXCR4 & HPRT1
1303,CLU,TMOD1,0.135654634879981,CLU & TMOD1
1304,CD61/ITGB3,FHL1,0.135470704467263,CD61/ITGB3 & FHL1
1305,PIM1,SPI1,0.134731562406692,PIM1 & SPI1
1306,LSD1/KDM1A,TUBB2A,0.134731037139463,LSD1/KDM1A & TUBB2A
1307,CCDC124,CD110/MPL,0.134694686109603,CCDC124 & CD110/MPL
1308,CD9,P27KIP1/CDKN1B,0.134648373339697,CD9 & P27KIP1/CDKN1B
1309,FOG1/ZFPM1,VWF,0.134611429604574,FOG1/ZFPM1 & VWF
1310,CD36,CD9,0.134608105946303,CD36 & CD9
1311,CD38,MEIS1,0.134564336032945,CD38 & MEIS1
1312,CD110/MPL,TUBB2A,0.134207320482181,CD110/MPL & TUBB2A
1313,CD47,MEIS1,0.134123569267939,CD47 & MEIS1
1314,CD61/ITGB3,ETS1,0.133668246332953,CD61/ITGB3 & ETS1
1315,CD47,SRD5A3,0.133539111935415,CD47 & SRD5A3
1316,RGS18,SELP,0.1332431671686,RGS18 & SELP
1317,CNRIP1,PIM1,0.133108322446067,CNRIP1 & PIM1
1318,FOG1/ZFPM1,TUBB2A,0.132873737024772,FOG1/ZFPM1 & TUBB2A
1319,CDK6,FOXO3,0.132715954746804,CDK6 & FOXO3
1320,DDB1,FOXO3,0.132684823561717,DDB1 & FOXO3
1321,BIM/BCL2,CD110/MPL,0.132607784712532,BIM/BCL2 & CD110/MPL
1322,CLU,DHRS3,0.132579076330538,CLU & DHRS3
1323,FHL1,FOXO3,0.132519474152628,FHL1 & FOXO3
1324,CD105/ENG,FHL1,0.132329574779686,CD105/ENG & FHL1
1325,CD110/MPL,DHRS3,0.132207466810188,CD110/MPL & DHRS3
1326,CD47,JAK2,0.132175819172962,CD47 & JAK2
1327,CD117/KIT,FOXO3,0.132040685946654,CD117/KIT & FOXO3
1328,CD36,PIM1,0.131122561662721,CD36 & PIM1
1329,SDPR,TUBB2A,0.131077453831785,SDPR & TUBB2A
1330,MEIS1,TMOD1,0.130930938316652,MEIS1 & TMOD1
1331,CCDC124,MYB,0.130691039868313,CCDC124 & MYB
1332,CD47,HIF1A,0.130564872556355,CD47 & HIF1A
1333,BIM/BCL2,FOG1/ZFPM1,0.129927242809786,BIM/BCL2 & FOG1/ZFPM1
1334,CCDC124,GATA2,0.129720418252771,CCDC124 & GATA2
1335,CD47,CNRIP1,0.129624994052575,CD47 & CNRIP1
1336,CXCR4,FHL1,0.12955480715433,CXCR4 & FHL1
1337,FOXO3,SPI1,0.129522532127337,FOXO3 & SPI1
1338,CD47,LOX,0.129461781598461,CD47 & LOX
1339,FOG1/ZFPM1,SPI1,0.129277844431022,FOG1/ZFPM1 & SPI1
1340,KLF1,LOX,0.129151476229076,KLF1 & LOX
1341,DHRS3,SPI1,0.129140745780477,DHRS3 & SPI1
1342,CD38,P27KIP1/CDKN1B,0.12857593771082,CD38 & P27KIP1/CDKN1B
1343,CD61/ITGB3,KLF1,0.128558648923975,CD61/ITGB3 & KLF1
1344,CD38,LOX,0.128500962678478,CD38 & LOX
1345,GFI1B,PIM1,0.128448537839011,GFI1B & PIM1
1346,CXCR4,TMOD1,0.128436664868857,CXCR4 & TMOD1
1347,BIM/BCL2,GFI1B,0.128397631933419,BIM/BCL2 & GFI1B
1348,CD38,ETS1,0.127969081478808,CD38 & ETS1
1349,BIM/BCL2,LOX,0.127566922385499,BIM/BCL2 & LOX
1350,CLU,TMEM180/MFSD13A,0.126866708373548,CLU & TMEM180/MFSD13A
1351,KLF1,MEIS1,0.126751594922517,KLF1 & MEIS1
1352,CD61/ITGB3,TMOD1,0.126594629408612,CD61/ITGB3 & TMOD1
1353,ANK1,P27KIP1/CDKN1B,0.126324694886117,ANK1 & P27KIP1/CDKN1B
1354,CD110/MPL,CD47,0.126244020915797,CD110/MPL & CD47
1355,CCDC124,CLU,0.12622455544808,CCDC124 & CLU
1356,GATA1,TUBB2A,0.126138910497849,GATA1 & TUBB2A
1357,GATA2,TUBB2A,0.126069843805445,GATA2 & TUBB2A
1358,CD117/KIT,PIM1,0.125877467856374,CD117/KIT & PIM1
1359,BIM/BCL2,TUBB2A,0.125708099474906,BIM/BCL2 & TUBB2A
1360,CCDC124,CD61/ITGB3,0.125697300410582,CCDC124 & CD61/ITGB3
1361,P27KIP1/CDKN1B,TUBB2A,0.125129710127341,P27KIP1/CDKN1B & TUBB2A
1362,DHRS3,FOG1/ZFPM1,0.125055383176849,DHRS3 & FOG1/ZFPM1
1363,CD38,CD61/ITGB3,0.125004267695803,CD38 & CD61/ITGB3
1364,CD61/ITGB3,TUBB2A,0.124891226754928,CD61/ITGB3 & TUBB2A
1365,CD110/MPL,CD38,0.12484642989989,CD110/MPL & CD38
1366,CCDC124,GABPA,0.124520201186126,CCDC124 & GABPA
1367,FHL1,TMEM180/MFSD13A,0.124425995209491,FHL1 & TMEM180/MFSD13A
1368,BIM/BCL2,VWF,0.124259591297232,BIM/BCL2 & VWF
1369,CXCR4,GATA1,0.124082886244622,CXCR4 & GATA1
1370,FHL1,MEIS1,0.123995276542888,FHL1 & MEIS1
1371,CD38,SELP,0.123858033968309,CD38 & SELP
1372,HIF1A,KLF1,0.12385749629567,HIF1A & KLF1
1373,CXCR4,FOXO3,0.123815441020725,CXCR4 & FOXO3
1374,CD38,SPI1,0.123704173173545,CD38 & SPI1
1375,FOG1/ZFPM1,LOX,0.123640744893018,FOG1/ZFPM1 & LOX
1376,CD9,FOG1/ZFPM1,0.123607761605181,CD9 & FOG1/ZFPM1
1377,MEIS1,TUBB2A,0.123499482571263,MEIS1 & TUBB2A
1378,FOXO3,MEIS1,0.12320588469728,FOXO3 & MEIS1
1379,CCDC124,CD34,0.1230326714286,CCDC124 & CD34
1380,CD38,RGS18,0.122896488484385,CD38 & RGS18
1381,FOXO3,LSD1/KDM1A,0.122447785575058,FOXO3 & LSD1/KDM1A
1382,TMOD1,VWF,0.122444310624551,TMOD1 & VWF
1383,CXCR4,PIM1,0.122424561952428,CXCR4 & PIM1
1384,CD36,CD47,0.122133375839279,CD36 & CD47
1385,PIM1,RGS18,0.122035225938202,PIM1 & RGS18
1386,CCDC124,CD44,0.121797211184802,CCDC124 & CD44
1387,FHL1,PIM1,0.121423279765571,FHL1 & PIM1
1388,FHL1,TUBB2A,0.121411390362623,FHL1 & TUBB2A
1389,DHRS3,MEIS1,0.121266734639503,DHRS3 & MEIS1
1390,KLF1,SPI1,0.120370658555292,KLF1 & SPI1
1391,CD38,TUBB2A,0.120051841579812,CD38 & TUBB2A
1392,DHRS3,RGS18,0.119848235145148,DHRS3 & RGS18
1393,FHL1,TMOD1,0.119783105417832,FHL1 & TMOD1
1394,JAK2,PIM1,0.119740360843348,JAK2 & PIM1
1395,FOXO3,LOX,0.119620802858748,FOXO3 & LOX
1396,KLF1,SELP,0.119603112683111,KLF1 & SELP
1397,BIM/BCL2,SPI1,0.119498233905116,BIM/BCL2 & SPI1
1398,SPI1,TMOD1,0.119259086505015,SPI1 & TMOD1
1399,SELP,TMOD1,0.119029345819139,SELP & TMOD1
1400,CCDC124,TMEM180/MFSD13A,0.118723525826016,CCDC124 & TMEM180/MFSD13A
1401,LOX,PIM1,0.117906928425952,LOX & PIM1
1402,CXCR4,LOX,0.117799656749312,CXCR4 & LOX
1403,CD36,CXCR4,0.117756015123383,CD36 & CXCR4
1404,KLF1,TUBB2A,0.117094058709667,KLF1 & TUBB2A
1405,CD47,SPI1,0.116439074476077,CD47 & SPI1
1406,KLF1,VWF,0.116310847446137,KLF1 & VWF
1407,CNRIP1,CXCR4,0.116296107953629,CNRIP1 & CXCR4
1408,CD9,TUBB2A,0.116236883787918,CD9 & TUBB2A
1409,CD47,GATA2,0.115944046241982,CD47 & GATA2
1410,CD47,CDK4,0.115900916376488,CD47 & CDK4
1411,CD47,GFI1B,0.115888600415309,CD47 & GFI1B
1412,BIM/BCL2,TMOD1,0.115833125946412,BIM/BCL2 & TMOD1
1413,CD61/ITGB3,CXCR4,0.115820971940526,CD61/ITGB3 & CXCR4
1414,CD47,CLU,0.11564182310986,CD47 & CLU
1415,TMEM180/MFSD13A,TUBB2A,0.115203626765366,TMEM180/MFSD13A & TUBB2A
1416,BIM/BCL2,GATA2,0.115196684093378,BIM/BCL2 & GATA2
1417,FOXO3,GATA2,0.114920068137486,FOXO3 & GATA2
1418,CCDC124,VWF,0.114830847313361,CCDC124 & VWF
1419,CD38,VWF,0.11481070372143,CD38 & VWF
1420,CCDC124,CD36,0.114475515651202,CCDC124 & CD36
1421,ANK1,CXCR4,0.114433623199599,ANK1 & CXCR4
1422,FHL1,SELP,0.114397352847362,FHL1 & SELP
1423,CD44,TUBB2A,0.113995974389005,CD44 & TUBB2A
1424,BIM/BCL2,CD36,0.11392889588407,BIM/BCL2 & CD36
1425,CD44,CXCR4,0.113897380064551,CD44 & CXCR4
1426,CXCR4,FOG1/ZFPM1,0.11389061964395,CXCR4 & FOG1/ZFPM1
1427,CD38,CXCR4,0.113290640528225,CD38 & CXCR4
1428,DHRS3,FHL1,0.113283606958041,DHRS3 & FHL1
1429,CD47,TUBB2A,0.113022330884765,CD47 & TUBB2A
1430,CXCR4,SELP,0.112794069210369,CXCR4 & SELP
1431,BIM/BCL2,CLU,0.112253019177852,BIM/BCL2 & CLU
1432,CD110/MPL,FOXO3,0.112104343759676,CD110/MPL & FOXO3
1433,CCDC124,CNRIP1,0.111967472650478,CCDC124 & CNRIP1
1434,RGS18,TUBB2A,0.111800603131034,RGS18 & TUBB2A
1435,BIM/BCL2,CD61/ITGB3,0.111322027073423,BIM/BCL2 & CD61/ITGB3
1436,CXCR4,TUBB2A,0.111077288451032,CXCR4 & TUBB2A
1437,FOXO3,HPRT1,0.110952391996864,FOXO3 & HPRT1
1438,CCDC124,KLF1,0.110914008888425,CCDC124 & KLF1
1439,ETS1,PIM1,0.110770145474649,ETS1 & PIM1
1440,SELP,TUBB2A,0.110171274189951,SELP & TUBB2A
1441,P27KIP1/CDKN1B,SELP,0.110087681635655,P27KIP1/CDKN1B & SELP
1442,CCDC124,SPI1,0.109910295898846,CCDC124 & SPI1
1443,PIM1,TUBB2A,0.109854292303022,PIM1 & TUBB2A
1444,P27KIP1/CDKN1B,PIM1,0.109633850090023,P27KIP1/CDKN1B & PIM1
1445,ETS1,KLF1,0.10933105339213,ETS1 & KLF1
1446,BIM/BCL2,CTNNB1,0.109316029601822,BIM/BCL2 & CTNNB1
1447,CD44,FOXO3,0.109311071160251,CD44 & FOXO3
1448,CCDC124,DHRS3,0.108751519689928,CCDC124 & DHRS3
1449,CD38,FHL1,0.108004736136569,CD38 & FHL1
1450,CD47,ETS1,0.107877723814804,CD47 & ETS1
1451,CCDC124,MEIS1,0.107854695084476,CCDC124 & MEIS1
1452,KLF1,SDPR,0.107770638242805,KLF1 & SDPR
1453,CNRIP1,FOXO3,0.107701667814459,CNRIP1 & FOXO3
1454,FOG1/ZFPM1,FOXO3,0.107401203508397,FOG1/ZFPM1 & FOXO3
1455,FOG1/ZFPM1,SELP,0.107200857618241,FOG1/ZFPM1 & SELP
1456,CD44,CD47,0.107194190480697,CD44 & CD47
1457,CCDC124,LOX,0.107171183107827,CCDC124 & LOX
1458,BIM/BCL2,FHL1,0.106874757567881,BIM/BCL2 & FHL1
1459,CD34,CD47,0.106301790346887,CD34 & CD47
1460,CD34,FOXO3,0.106110443365778,CD34 & FOXO3
1461,BIM/BCL2,ETS1,0.10546223766231,BIM/BCL2 & ETS1
1462,ANK1,CD47,0.105359333176951,ANK1 & CD47
1463,PIM1,TMOD1,0.105056733272115,PIM1 & TMOD1
1464,BIM/BCL2,CD34,0.104985644244226,BIM/BCL2 & CD34
1465,FOXO3,TMOD1,0.104082205823234,FOXO3 & TMOD1
1466,FOXO3,GATA1,0.103981072230944,FOXO3 & GATA1
1467,CCDC124,SELP,0.103762389552837,CCDC124 & SELP
1468,BIM/BCL2,SDPR,0.103465370122292,BIM/BCL2 & SDPR
1469,DHRS3,VWF,0.103362747266031,DHRS3 & VWF
1470,CD47,P27KIP1/CDKN1B,0.10311713441562,CD47 & P27KIP1/CDKN1B
1471,CD9,TMOD1,0.103040885530286,CD9 & TMOD1
1472,CD47,TMEM180/MFSD13A,0.102988418615404,CD47 & TMEM180/MFSD13A
1473,FOXO3,TMEM180/MFSD13A,0.102942662982071,FOXO3 & TMEM180/MFSD13A
1474,CCDC124,SDPR,0.102872465340481,CCDC124 & SDPR
1475,KLF1,PIM1,0.102546193913644,KLF1 & PIM1
1476,CCDC124,ETS1,0.102408982635327,CCDC124 & ETS1
1477,CD47,FOG1/ZFPM1,0.102318406250027,CD47 & FOG1/ZFPM1
1478,FOXO3,HIF1A,0.102149968764135,FOXO3 & HIF1A
1479,CD36,P27KIP1/CDKN1B,0.102129582550409,CD36 & P27KIP1/CDKN1B
1480,BIM/BCL2,CD44,0.102080440818258,BIM/BCL2 & CD44
1481,CD38,PIM1,0.100860931667453,CD38 & PIM1
1482,CD38,FOXO3,0.100519636804328,CD38 & FOXO3
1483,BIM/BCL2,HIF1A,0.100414507573991,BIM/BCL2 & HIF1A
1484,CD47,RGS18,0.100029690892302,CD47 & RGS18
1485,FOXO3,SELP,0.099799589099572,FOXO3 & SELP
1486,CD9,RGS18,0.09873789382994,CD9 & RGS18
1487,BIM/BCL2,P27KIP1/CDKN1B,0.098491179779496,BIM/BCL2 & P27KIP1/CDKN1B
1488,CD47,DHRS3,0.098022110873793,CD47 & DHRS3
1489,CD47,SDPR,0.097219652561111,CD47 & SDPR
1490,CD47,KLF1,0.096376977356975,CD47 & KLF1
1491,BIM/BCL2,MEIS1,0.096369106566305,BIM/BCL2 & MEIS1
1492,KLF1,RGS18,0.096279226688854,KLF1 & RGS18
1493,CCDC124,TMOD1,0.095354707929092,CCDC124 & TMOD1
1494,CD38,CD47,0.094913082073535,CD38 & CD47
1495,BIM/BCL2,CXCR4,0.0946999141853,BIM/BCL2 & CXCR4
1496,FOXO3,KLF1,0.094633919004539,FOXO3 & KLF1
1497,CLU,KLF1,0.094219871305128,CLU & KLF1
1498,PIM1,TMEM180/MFSD13A,0.093352769533185,PIM1 & TMEM180/MFSD13A
1499,KLF1,P27KIP1/CDKN1B,0.093296454926691,KLF1 & P27KIP1/CDKN1B
1500,BIM/BCL2,CD38,0.092593897867487,BIM/BCL2 & CD38
1501,DHRS3,P27KIP1/CDKN1B,0.092542269958515,DHRS3 & P27KIP1/CDKN1B
1502,BIM/BCL2,PIM1,0.092368353061256,BIM/BCL2 & PIM1
1503,CD47,FOXO3,0.092188988888239,CD47 & FOXO3
1504,BIM/BCL2,RGS18,0.090875264370211,BIM/BCL2 & RGS18
1505,CD47,SELP,0.089691343388903,CD47 & SELP
1506,BIM/BCL2,FOXO3,0.089370905034295,BIM/BCL2 & FOXO3
1507,CXCR4,KLF1,0.088788174106418,CXCR4 & KLF1
1508,CCDC124,PIM1,0.088750867625881,CCDC124 & PIM1
1509,CCDC124,CXCR4,0.088462219144811,CCDC124 & CXCR4
1510,CCDC124,RGS18,0.08787683943262,CCDC124 & RGS18
1511,CCDC124,CD38,0.087665848237265,CCDC124 & CD38
1512,ANK1,FOXO3,0.087172983111971,ANK1 & FOXO3
1513,CD47,CD61/ITGB3,0.087052232871604,CD47 & CD61/ITGB3
1514,DHRS3,FOXO3,0.086754376621391,DHRS3 & FOXO3
1515,CXCR4,DHRS3,0.08651153220178,CXCR4 & DHRS3
1516,FHL1,KLF1,0.086364383877133,FHL1 & KLF1
1517,BIM/BCL2,CCDC124,0.086180449904733,BIM/BCL2 & CCDC124
1518,CD9,FOXO3,0.086140868290249,CD9 & FOXO3
1519,CD47,VWF,0.085800511150002,CD47 & VWF
1520,CD47,GATA1,0.085599905763969,CD47 & GATA1
1521,FOXO3,TUBB2A,0.085491852806891,FOXO3 & TUBB2A
1522,CD47,CD9,0.084851613588596,CD47 & CD9
1523,BIM/BCL2,CD9,0.084579847405281,BIM/BCL2 & CD9
1524,CD61/ITGB3,FOXO3,0.083933364281896,CD61/ITGB3 & FOXO3
1525,CD47,PIM1,0.082778715641194,CD47 & PIM1
1526,PIM1,SELP,0.082756143345345,PIM1 & SELP
1527,CCDC124,CD9,0.08232799284033,CCDC124 & CD9
1528,CCDC124,FHL1,0.081836031054999,CCDC124 & FHL1
1529,CD9,PIM1,0.081673672811525,CD9 & PIM1
1530,BIM/BCL2,CD47,0.081422417439996,BIM/BCL2 & CD47
1531,CD36,FOXO3,0.079749402605249,CD36 & FOXO3
1532,CCDC124,P27KIP1/CDKN1B,0.079649617747276,CCDC124 & P27KIP1/CDKN1B
1533,FOXO3,PIM1,0.079380919890388,FOXO3 & PIM1
1534,CD47,FHL1,0.076600527198635,CD47 & FHL1
1535,CD47,CXCR4,0.075767498844948,CD47 & CXCR4
1536,CCDC124,TUBB2A,0.070718292607194,CCDC124 & TUBB2A
1537,BIM/BCL2,SELP,0.070017447690262,BIM/BCL2 & SELP
1538,CCDC124,FOXO3,0.065663059349515,CCDC124 & FOXO3
1539,CCDC124,CD47,0.06343420390778,CCDC124 & CD47
