Gene_1,Gene_2,MI
CD41/ITGA2B,GATA1,0.848893000446408
RUNX1,TGFB1,0.83022699855436
LSD1/KDM1A,RUNX1,0.821758008067352
CD41/ITGA2B,TGFB1,0.807979297058849
ANK1,CD41/ITGA2B,0.786812704045454
MCL1,RUNX1,0.761457452660288
ANK1,GATA1,0.750662834030953
CD71/TFRC,LSD1/KDM1A,0.74237696989725
MCL1,TGFB1,0.719826404599739
DDB1,LSD1/KDM1A,0.689472010670013
LSD1/KDM1A,TGFB1,0.688103547222372
EIF4EBP1,LSD1/KDM1A,0.680206089008523
CDK6,LSD1/KDM1A,0.674943102494651
LSD1/KDM1A,MCL1,0.666587758796081
ANK1,CD71/TFRC,0.648210942210469
DDB1,RUNX1,0.638049918373924
CD42/GP1BA,TGFB1,0.632164559929881
CD71/TFRC,CNRIP1,0.626684244584489
CD41/ITGA2B,CD61/ITGB3,0.625109126569344
CDK6,RUNX1,0.620548000224162
ANK1,CNRIP1,0.609669573929666
CD41/ITGA2B,CD71/TFRC,0.608119578794523
CD71/TFRC,GATA1,0.607609914206818
CNRIP1,GATA1,0.602492548398182
CDK6,MCL1,0.595358907249775
CD71/TFRC,TGFB1,0.593516275993528
CD117/KIT,LSD1/KDM1A,0.592961195989325
CD41/ITGA2B,TAL1,0.591928053949977
CD71/TFRC,RUNX1,0.587866333731805
GATA1,TAL1,0.58314206846444
CD71/TFRC,TAL1,0.582620247527483
DDB1,TGFB1,0.581796220944171
CD61/ITGB3,TGFB1,0.579576352743689
EIF4EBP1,RUNX1,0.578014832354325
CD71/TFRC,EIF4EBP1,0.576824141451826
CD41/ITGA2B,CNRIP1,0.571047536532322
CD42/GP1BA,CD61/ITGB3,0.562492576861609
CD71/TFRC,DDB1,0.562476968135238
EIF4EBP1,TGFB1,0.560903490141858
CTNNB1,RUNX1,0.550363384721023
CTNNB1,LSD1/KDM1A,0.543339482541689
CDK6,TGFB1,0.536862152163646
RUNX1,TAL1,0.536838384255196
CD117/KIT,CD71/TFRC,0.533945238538202
CD41/ITGA2B,CD42/GP1BA,0.532017567578104
CD71/TFRC,MCL1,0.530046663618745
CTNNB1,TAL1,0.529745737187513
CDK6,DDB1,0.526150485991866
CDK6,EIF4EBP1,0.524636518405766
GATA1,LSD1/KDM1A,0.52411657610431
CD61/ITGB3,VWF,0.523139320353782
CD41/ITGA2B,DHRS3,0.520250220918421
GFI1B,RUNX1,0.519269183590255
LSD1/KDM1A,TAL1,0.519245775975491
CTNNB1,TGFB1,0.519004448541817
GATA1,TGFB1,0.517024880139671
EIF4EBP1,MCL1,0.513860374416082
DDB1,MCL1,0.511749984402803
DDB1,EIF4EBP1,0.50953867872678
CD71/TFRC,CDK6,0.50869100735115
HPRT1,LSD1/KDM1A,0.504998449027513
ANK1,CD36,0.502493412793545
CD41/ITGA2B,LSD1/KDM1A,0.501500040032347
ANK1,DHRS3,0.49911055819899
CD117/KIT,CDK6,0.49789199439135
EIF4EBP1,HPRT1,0.497746368549846
GFI1B,TGFB1,0.495644861163916
CD41/ITGA2B,RUNX1,0.495138845818676
EIF4EBP1,TAL1,0.493923873535131
CD71/TFRC,HPRT1,0.493128820912007
CD41/ITGA2B,EIF4EBP1,0.485552311857432
TAL1,TGFB1,0.484549637079286
CD36,CD41/ITGA2B,0.483336861083949
MCL1,TAL1,0.481366023717314
HIF1A,RUNX1,0.480029949732948
JAK2,LSD1/KDM1A,0.475450551595077
CTNNB1,MCL1,0.467300737995141
CNRIP1,KLF1,0.466127747605926
ANK1,TAL1,0.464509425813714
CD34,CDK6,0.463200714544488
CNRIP1,LSD1/KDM1A,0.462731548245154
ANK1,KLF1,0.461885831950838
ANK1,LSD1/KDM1A,0.461206232171351
GATA1,RUNX1,0.46059733875711
CD117/KIT,MYB,0.459386971154406
CD41/ITGA2B,DDB1,0.455637280397603
CD105/ENG,LSD1/KDM1A,0.453181128586381
CDK6,HPRT1,0.452620627106167
HIF1A,TGFB1,0.450021810024296
LSD1/KDM1A,MYB,0.44963566522355
JAK2,RUNX1,0.448339973754859
DDB1,TAL1,0.446641290518841
CNRIP1,TAL1,0.446352285524934
CD42/GP1BA,VWF,0.445964570407137
CD110/MPL,TGFB1,0.445276689994269
CD42/GP1BA,RUNX1,0.444644439245236
DHRS3,GATA1,0.444554038251958
CD71/TFRC,CTNNB1,0.443347046864232
CD117/KIT,CNRIP1,0.438375209235341
HIF1A,MCL1,0.433288945314663
GATA2,TGFB1,0.433224179372878
CD71/TFRC,MYB,0.432747363330408
CDK6,TAL1,0.432295528656702
CDK6,MYB,0.431868448092076
HPRT1,MCL1,0.431684493770937
JAK2,MCL1,0.430309953737161
CNRIP1,DHRS3,0.429876394467843
CD34,RUNX1,0.429686417587714
MEIS1,TGFB1,0.429208357844583
GATA2,MCL1,0.428879885512358
EIF4EBP1,GATA1,0.428479318898796
CD117/KIT,RUNX1,0.427668024725455
CD110/MPL,RUNX1,0.425378672026198
CD117/KIT,MCL1,0.424071096118978
CDK6,SRD5A3,0.422086926248518
GATA2,RUNX1,0.421844902591111
GFI1B,LSD1/KDM1A,0.42112483901586
DDB1,GATA1,0.419981153129591
CTNNB1,DDB1,0.41727082739439
CD105/ENG,CD71/TFRC,0.416148081684288
CDK4,EIF4EBP1,0.415127707145802
HPRT1,RUNX1,0.414860137969955
JAK2,TGFB1,0.414831017511107
CD42/GP1BA,MCL1,0.410612698061142
CD36,CD71/TFRC,0.410300541646134
HIF1A,LSD1/KDM1A,0.409646126709525
CD71/TFRC,KLF1,0.40939614390039
GFI1B,MCL1,0.409233495078822
HPRT1,TGFB1,0.40773749500602
CD105/ENG,MCL1,0.406827484222754
CD117/KIT,DDB1,0.406823852549365
CDK6,CTNNB1,0.406754835647827
HPRT1,TAL1,0.406202110737176
TGFB1,VWF,0.404373425518715
CD71/TFRC,GFI1B,0.403532750554935
CD42/GP1BA,TAL1,0.403352476471911
CD41/ITGA2B,KLF1,0.402649220512959
CD71/TFRC,GATA2,0.401242061441293
CD71/TFRC,SRD5A3,0.401156779734551
CD41/ITGA2B,GFI1B,0.400838862089842
HPRT1,MYB,0.400131201503989
GATA2,LSD1/KDM1A,0.399864046764358
CDK4,LSD1/KDM1A,0.399806412948755
CD42/GP1BA,CD71/TFRC,0.399636494826
CD117/KIT,EIF4EBP1,0.398609115743583
MEIS1,RUNX1,0.398395324053315
DDB1,GFI1B,0.397953291144526
CD34,MCL1,0.397811192212031
CD105/ENG,RUNX1,0.396932487946323
CDK6,JAK2,0.396633335948907
CNRIP1,MYB,0.396356360076268
CD71/TFRC,JAK2,0.395778631800867
LSD1/KDM1A,SRD5A3,0.395390927326399
EIF4EBP1,SRD5A3,0.395091082410179
CD110/MPL,LSD1/KDM1A,0.394694157827014
DDB1,HPRT1,0.392968056059973
CD41/ITGA2B,MCL1,0.392828741511643
CD41/ITGA2B,VWF,0.392402976002617
GATA2,TAL1,0.391766732474442
EIF4EBP1,JAK2,0.390211338079275
CD34,LSD1/KDM1A,0.389729979348778
ANK1,TGFB1,0.389132402600031
CD117/KIT,TGFB1,0.388914082965713
CD110/MPL,CD42/GP1BA,0.38858620933955
GATA1,KLF1,0.38725966764849
CDK6,GATA2,0.38686260339189
CTNNB1,EIF4EBP1,0.386648712575497
CD105/ENG,TGFB1,0.386627777638212
RUNX1,SRD5A3,0.38550128013968
CD34,CD44,0.384777576751473
GABPA,RUNX1,0.384643692750502
CD110/MPL,VWF,0.384637081372369
CD41/ITGA2B,CDK4,0.384531277629586
FOG1/ZFPM1,TAL1,0.382201222329918
CD71/TFRC,CDK4,0.381301512734416
ANK1,DDB1,0.380449612498003
GABPA,MCL1,0.379890386548804
CD44,TGFB1,0.378345027022491
CD34,TGFB1,0.378135603926466
CD44,CDK6,0.374871981960068
CD105/ENG,EIF4EBP1,0.374252333961695
CD44,MCL1,0.372833658966047
CD105/ENG,TAL1,0.372614128232575
CD36,GATA1,0.372346069355354
EIF4EBP1,GFI1B,0.371241002745621
CD110/MPL,CD71/TFRC,0.370801016199114
GATA1,GFI1B,0.370440256038074
GABPA,LSD1/KDM1A,0.369938724335521
HIF1A,TAL1,0.369845395816729
JAK2,TAL1,0.369543140929668
MCL1,MYB,0.368939021885441
GABPA,TAL1,0.36837764379114
CD117/KIT,TAL1,0.366027395011895
CD42/GP1BA,LSD1/KDM1A,0.365656174945658
DDB1,HIF1A,0.365459403554371
CD117/KIT,HPRT1,0.364408634375128
DDB1,JAK2,0.363716334605725
MYB,TGFB1,0.363377240525779
CD36,CNRIP1,0.363364071197491
CDK4,RUNX1,0.362796039138677
MYB,RUNX1,0.362623687769836
CD41/ITGA2B,HPRT1,0.361308273626048
CD105/ENG,CDK6,0.361023399076045
CD42/GP1BA,EIF4EBP1,0.360840779640948
CDK4,HPRT1,0.360615235880052
ANK1,EIF4EBP1,0.360051804470714
CD41/ITGA2B,CTNNB1,0.359704540372775
CD110/MPL,MCL1,0.357291248105576
CD41/ITGA2B,CD44,0.357176751748249
CD110/MPL,CD61/ITGB3,0.356279808032075
CD42/GP1BA,DDB1,0.354327047914396
CDK4,GATA1,0.354164850592976
CD41/ITGA2B,GATA2,0.353759565253274
CD71/TFRC,GABPA,0.353388874367825
ANK1,CD117/KIT,0.35113970408452
MCL1,SRD5A3,0.350742242775132
CDK6,HIF1A,0.350246953877265
CD44,GATA1,0.349223021956207
CD44,LSD1/KDM1A,0.34833566724606
CD117/KIT,JAK2,0.3482401536439
CLU,TGFB1,0.348234616737972
CD105/ENG,CD117/KIT,0.347800967367786
MCL1,MEIS1,0.346909923167954
CD71/TFRC,DHRS3,0.346716923087387
CD42/GP1BA,GATA2,0.346334879763144
CD42/GP1BA,GFI1B,0.345762204316085
CDK6,CNRIP1,0.345707633817229
DDB1,SRD5A3,0.345442343479231
CDK6,GABPA,0.343697837770276
LOX,TGFB1,0.343660443665402
ETS1,MCL1,0.34339391573549
GATA1,HPRT1,0.343324946954153
CD117/KIT,SRD5A3,0.343172167918178
CDK4,MCL1,0.343113682937709
GATA2,HPRT1,0.34197780240746
DDB1,MYB,0.341423598127782
CD61/ITGB3,GATA1,0.341279187104438
CNRIP1,TMOD1,0.341215132133995
CD105/ENG,DDB1,0.341047662514059
GFI1B,TAL1,0.340640056731161
CTNNB1,JAK2,0.339364766246656
CTNNB1,MYB,0.339325841698434
ANK1,CD44,0.338352796630457
GATA1,MCL1,0.338255368179333
CDK4,TAL1,0.338243356136499
CD41/ITGA2B,FOG1/ZFPM1,0.338003771789812
CD110/MPL,CD41/ITGA2B,0.337898067286038
SRD5A3,TGFB1,0.337769467081499
CDK4,TGFB1,0.336404055164806
EIF4EBP1,GATA2,0.335134874721975
CD42/GP1BA,CTNNB1,0.334770439277501
CD38,CD71/TFRC,0.334579386503249
CLU,CTNNB1,0.333813424285208
CD71/TFRC,HIF1A,0.333062838429982
CLU,RUNX1,0.332896461787217
CD110/MPL,MEIS1,0.332605658129343
CD44,CNRIP1,0.332480963348084
CD42/GP1BA,MEIS1,0.332120817149475
CD44,ETS1,0.331980731953486
MCL1,P27KIP1/CDKN1B,0.331851613692127
EIF4EBP1,HIF1A,0.331597790787195
MYB,TAL1,0.331180591837769
GABPA,TGFB1,0.330966166306209
CDK4,SRD5A3,0.330638757401535
CD41/ITGA2B,JAK2,0.330564605321554
ANK1,CDK4,0.330103742517656
CD117/KIT,CTNNB1,0.330038646669287
CDK4,CDK6,0.329959812509769
RUNX1,SPI1,0.32967093934655
CDK6,GFI1B,0.32954896113287
CD105/ENG,CD41/ITGA2B,0.329504715134377
CDK4,MYB,0.32912361800564
GATA1,GATA2,0.328367238064211
ANK1,HPRT1,0.327911225277344
CD41/ITGA2B,SDPR,0.327558113826439
CDK4,DDB1,0.327328296271345
CTNNB1,GFI1B,0.327141773815316
ETS1,RUNX1,0.326765874257653
CD71/TFRC,TMOD1,0.326322137903839
EIF4EBP1,MYB,0.326294477557788
CD71/TFRC,TMEM180/MFSD13A,0.325385913432375
ANK1,MYB,0.325150800758941
CD34,CD71/TFRC,0.32507741335669
MCL1,SPI1,0.324891375364487
CTNNB1,GABPA,0.324685232365017
CD42/GP1BA,CLU,0.324682832279296
CD44,TAL1,0.324292376164744
GABPA,HPRT1,0.323928367956244
CTNNB1,P27KIP1/CDKN1B,0.32356818625334
CTNNB1,HIF1A,0.323263942191074
CNRIP1,TGFB1,0.32325235389918
CD117/KIT,CD34,0.32286538313546
CD105/ENG,CTNNB1,0.322221509895915
LOX,RUNX1,0.321953598758517
ANK1,CD105/ENG,0.321643612574992
CNRIP1,EIF4EBP1,0.321619871606423
ANK1,JAK2,0.321447656973779
ANK1,RUNX1,0.321208645738568
GABPA,MYB,0.320456212159013
CLU,MCL1,0.320275646042104
CD42/GP1BA,GATA1,0.319728423965673
LSD1/KDM1A,MEIS1,0.318477541739127
LSD1/KDM1A,TMEM180/MFSD13A,0.318244937523656
CNRIP1,DDB1,0.318241794875288
JAK2,SRD5A3,0.318218253451589
ANK1,TMOD1,0.317397813112219
RUNX1,TMEM180/MFSD13A,0.317353037606275
LOX,MCL1,0.316833777002228
CD41/ITGA2B,MEIS1,0.316633654800818
SDPR,TGFB1,0.316391171034027
CD110/MPL,GFI1B,0.315836550828114
CD41/ITGA2B,CD9,0.315810784279996
KLF1,TAL1,0.315504178879406
CD34,MYB,0.315179980599256
CD36,TAL1,0.314964521534993
CD110/MPL,EIF4EBP1,0.314557816223573
CD105/ENG,HPRT1,0.314096056957237
CD42/GP1BA,CDK6,0.313903092040408
CD117/KIT,CD42/GP1BA,0.313376800855372
CD42/GP1BA,LOX,0.31216115662432
CD34,CTNNB1,0.312019501338398
CD42/GP1BA,HIF1A,0.311173157645049
SRD5A3,TAL1,0.310489027460668
DDB1,GATA2,0.310036854621193
GABPA,HIF1A,0.308636170092695
CD117/KIT,CD41/ITGA2B,0.308085893759194
CD44,RUNX1,0.307942922731189
ANK1,CD61/ITGB3,0.307644738943143
MCL1,TMEM180/MFSD13A,0.307143879917278
HPRT1,SRD5A3,0.307133805316528
SDPR,TAL1,0.307089396879465
CTNNB1,SDPR,0.306762673699426
MYB,SRD5A3,0.30668464591537
TAL1,TMEM180/MFSD13A,0.306389518948302
CD36,DHRS3,0.305757695640531
HIF1A,HPRT1,0.305395452606924
CD38,MYB,0.304958219431524
CD41/ITGA2B,HIF1A,0.304430206182736
CTNNB1,GATA1,0.304344526033086
CD44,CD71/TFRC,0.303331724378942
GFI1B,HIF1A,0.303003321822621
CD105/ENG,SRD5A3,0.302637273341652
CD110/MPL,TAL1,0.301880784938644
CD41/ITGA2B,CDK6,0.300571000069858
CD117/KIT,GFI1B,0.300300746047173
CLU,GABPA,0.30014693445351
CD9,TGFB1,0.298214892792206
CNRIP1,JAK2,0.298012598349627
DHRS3,TAL1,0.297798052535682
CNRIP1,RUNX1,0.297691238398745
ANK1,MCL1,0.297638840852459
CDK6,GATA1,0.297453144673842
CD71/TFRC,LOX,0.297424667148167
GFI1B,MEIS1,0.297140440836955
GATA1,JAK2,0.296826964808982
EIF4EBP1,GABPA,0.296818705711446
CD34,ETS1,0.296702714408048
P27KIP1/CDKN1B,RUNX1,0.29663916657707
CD110/MPL,CDK6,0.296405437662564
CD41/ITGA2B,MYB,0.29601206201337
CD110/MPL,CTNNB1,0.295614240618834
CD117/KIT,GATA1,0.295186062801285
HPRT1,JAK2,0.294823926099433
CD42/GP1BA,SDPR,0.294664695987691
CDK6,SPI1,0.294267842806861
CD110/MPL,LOX,0.294093275191417
CD117/KIT,TMOD1,0.29343283734706
EIF4EBP1,SPI1,0.293025873900813
CD61/ITGB3,GFI1B,0.293016449945391
CTNNB1,HPRT1,0.29277093974891
CD105/ENG,CDK4,0.292618636450249
EIF4EBP1,MEIS1,0.292467088444846
CD34,DDB1,0.292466584971508
CD71/TFRC,FOG1/ZFPM1,0.292367947118593
RUNX1,SDPR,0.292234186704195
ETS1,HIF1A,0.29223397469421
GATA1,MYB,0.292207765922658
GFI1B,JAK2,0.292063839624325
CD110/MPL,DDB1,0.291597946240944
CD41/ITGA2B,TMEM180/MFSD13A,0.291246250957674
GATA2,MYB,0.291216080601494
CDK6,MEIS1,0.291022234875889
CLU,LSD1/KDM1A,0.29088683166528
MEIS1,TAL1,0.290880217456353
ANK1,CD42/GP1BA,0.290749017123751
P27KIP1/CDKN1B,TGFB1,0.290732067393989
CNRIP1,HPRT1,0.289897075110097
KLF1,MYB,0.289354489512799
CD61/ITGB3,RUNX1,0.28901158628659
LOX,VWF,0.288936750818594
DDB1,MEIS1,0.288827912076766
MYB,TMOD1,0.288336476092592
CD44,CTNNB1,0.287698712646429
CD34,GATA2,0.287422605253553
ETS1,TGFB1,0.287030948819689
CTNNB1,SRD5A3,0.286625555718303
CTNNB1,GATA2,0.286291184773229
CD34,SPI1,0.286277773671783
CD105/ENG,JAK2,0.286225563336809
CD117/KIT,TMEM180/MFSD13A,0.286026516936147
CLU,SDPR,0.285346677724172
MCL1,SELP,0.28483250576945
CD42/GP1BA,MYB,0.284768262254078
CD42/GP1BA,CD9,0.284604500923032
FHL1,P27KIP1/CDKN1B,0.284430600033875
RUNX1,VWF,0.284014683395924
CNRIP1,MCL1,0.283808195066767
CLU,TAL1,0.28365463127638
CD42/GP1BA,CD44,0.283578656731661
RUNX1,SELP,0.283442966492884
CTNNB1,FOG1/ZFPM1,0.283265952670645
FOG1/ZFPM1,RUNX1,0.282725580464039
KLF1,LSD1/KDM1A,0.282690458767421
CD117/KIT,HIF1A,0.282612321855665
GFI1B,VWF,0.282351577684308
HIF1A,SPI1,0.282172440220501
CD34,EIF4EBP1,0.282086730025654
TAL1,TMOD1,0.281831646081607
GFI1B,HPRT1,0.281439974605538
CD44,CD61/ITGB3,0.281391718095483
SPI1,TGFB1,0.281044983107781
LSD1/KDM1A,SELP,0.279949836866118
CD71/TFRC,MEIS1,0.279948615264478
CD117/KIT,GABPA,0.279648865046353
ETS1,LSD1/KDM1A,0.279112385119974
LOX,LSD1/KDM1A,0.278856790829688
MCL1,SDPR,0.278659299937899
DDB1,GABPA,0.278104892770778
EIF4EBP1,FOG1/ZFPM1,0.277416120764141
GFI1B,MYB,0.276883123926552
HIF1A,JAK2,0.276748928635847
CD34,HIF1A,0.276710700246745
GABPA,JAK2,0.27615165556016
CD105/ENG,GFI1B,0.276011144923097
CD105/ENG,MYB,0.275990088723223
CTNNB1,MEIS1,0.275529957678404
CD61/ITGB3,LOX,0.274410655608489
EIF4EBP1,TMEM180/MFSD13A,0.274083072011267
KLF1,TMOD1,0.27308819001474
CD34,CD41/ITGA2B,0.27269352158681
ANK1,CDK6,0.272594322005247
CD41/ITGA2B,GABPA,0.27248665457358
CD117/KIT,CDK4,0.272001856233037
CD71/TFRC,SELP,0.271996989523306
CLU,EIF4EBP1,0.27195889562615
LSD1/KDM1A,SPI1,0.271892801669195
CLU,MYB,0.271566364354722
CD117/KIT,CD44,0.271521106219552
CD38,HPRT1,0.27133187508856
ANK1,GFI1B,0.271294006942932
CLU,FHL1,0.271225795755328
CD110/MPL,CD34,0.27116501357215
CDK6,ETS1,0.270471514192692
CD34,CLU,0.270199800062632
CD110/MPL,HIF1A,0.269720973165345
CD105/ENG,CD42/GP1BA,0.269684791331163
CD110/MPL,GATA2,0.269435263806145
CNRIP1,SRD5A3,0.269319106600634
EIF4EBP1,KLF1,0.269239393220443
CD42/GP1BA,CNRIP1,0.268276617379788
LSD1/KDM1A,TMOD1,0.2678572899111
CD110/MPL,CD117/KIT,0.267775357869162
CD44,GATA2,0.267652452893448
CD38,LSD1/KDM1A,0.267595915285057
CD36,TMOD1,0.266920121349183
GATA2,GFI1B,0.266424516004857
CD110/MPL,HPRT1,0.265908797089952
CD41/ITGA2B,SRD5A3,0.265870651501436
GABPA,GATA2,0.265230509983157
CD42/GP1BA,CDK4,0.265104523139451
CD38,CD41/ITGA2B,0.265083710253993
CD42/GP1BA,HPRT1,0.265070570989481
CLU,HPRT1,0.26501351122038
CD34,TAL1,0.26479051735016
CD117/KIT,KLF1,0.264728007153137
CD42/GP1BA,GABPA,0.264701257174155
DHRS3,KLF1,0.264569250296053
LOX,MYB,0.264412244939853
LSD1/KDM1A,P27KIP1/CDKN1B,0.264354154559346
GATA2,JAK2,0.264002414903493
CD34,GFI1B,0.263631223430576
ANK1,SRD5A3,0.263450399391044
CDK4,CTNNB1,0.263437317271873
CDK6,TMOD1,0.262831669426519
CDK4,GATA2,0.261551533523685
GABPA,SRD5A3,0.261522854247794
CD117/KIT,CD38,0.261482893013653
FOG1/ZFPM1,TGFB1,0.261375744743783
CD61/ITGB3,TAL1,0.260235559916218
CD34,SRD5A3,0.260195225395194
CDK6,TMEM180/MFSD13A,0.260094833618346
CD105/ENG,GATA1,0.259995778189586
ANK1,CD110/MPL,0.259976070606049
GATA1,HIF1A,0.259266868219489
CD105/ENG,HIF1A,0.259176880955911
CLU,VWF,0.258997602229951
CD38,CNRIP1,0.258958868855042
SELP,TGFB1,0.258345829006003
FOG1/ZFPM1,GATA1,0.258284713504454
CD110/MPL,JAK2,0.258237844591501
CD41/ITGA2B,LOX,0.258228650936885
BIM/BCL2,CD71/TFRC,0.257851460106651
JAK2,MYB,0.257444046465384
CD38,TAL1,0.257415213151099
DHRS3,TGFB1,0.257008376899381
DDB1,LOX,0.256775068922554
CD42/GP1BA,JAK2,0.256563236783749
MCL1,VWF,0.256467357380282
DHRS3,LSD1/KDM1A,0.256284294227136
CD105/ENG,CNRIP1,0.255958344410828
CD71/TFRC,CD9,0.255848149494938
CTNNB1,ETS1,0.254957970534036
RGS18,SDPR,0.254747412289472
CTNNB1,SELP,0.25435551259315
CD41/ITGA2B,CLU,0.254178243480181
CD71/TFRC,ETS1,0.254131848882483
CD9,VWF,0.254117180107563
GABPA,GFI1B,0.253815511819144
CD36,KLF1,0.252943085619572
CD110/MPL,MYB,0.252723528732859
CNRIP1,TMEM180/MFSD13A,0.252637950750228
CD61/ITGB3,MCL1,0.252548406171439
GATA2,MEIS1,0.252392055740606
GATA2,HIF1A,0.252284878883901
CD44,EIF4EBP1,0.252245396063392
ANK1,TMEM180/MFSD13A,0.252209434930404
CD117/KIT,GATA2,0.252155605442661
CD38,MCL1,0.252130225925303
CDK6,SELP,0.252056488601875
ANK1,CTNNB1,0.251717370244506
CD117/KIT,ETS1,0.251234169358683
CDK6,CLU,0.251139562137591
ETS1,TAL1,0.251135102791351
GATA2,SELP,0.251054845082653
CD41/ITGA2B,SELP,0.250868437419621
GFI1B,LOX,0.250728813421954
CD34,HPRT1,0.250723419120391
CD44,MYB,0.250646461540509
CLU,HIF1A,0.250435622401585
CD71/TFRC,CLU,0.25009459080824
CD38,CDK6,0.249810428831688
CDK4,GFI1B,0.249788049215872
CD34,CD42/GP1BA,0.249483413103868
CD41/ITGA2B,TMOD1,0.249036338782039
P27KIP1/CDKN1B,SDPR,0.248955921644777
CDK4,TMEM180/MFSD13A,0.248877181050341
GATA1,TMEM180/MFSD13A,0.248777261030944
CD117/KIT,SPI1,0.248549184238038
CD110/MPL,CLU,0.248374647401817
ETS1,GABPA,0.24733015002737
CD9,MEIS1,0.247280111939798
HIF1A,SRD5A3,0.247279876771358
CTNNB1,LOX,0.24700399755209
CDK4,JAK2,0.246810808280603
CD42/GP1BA,TMEM180/MFSD13A,0.246727906126674
GATA1,SRD5A3,0.246400849051116
CD110/MPL,GATA1,0.246380110066001
EIF4EBP1,ETS1,0.246370651756107
CD41/ITGA2B,SPI1,0.246107243390108
MEIS1,VWF,0.245597258772468
CD42/GP1BA,ETS1,0.245565047001366
CD71/TFRC,VWF,0.245035028433276
CD61/ITGB3,CLU,0.244993308729737
MYB,SDPR,0.244780028729991
CD117/KIT,MEIS1,0.244760797320811
TGFB1,TMEM180/MFSD13A,0.244455226628781
CD34,GABPA,0.244447156910499
CD42/GP1BA,SPI1,0.244441671242154
CD44,SPI1,0.244097037925144
CNRIP1,GATA2,0.244083426887205
CD34,LOX,0.243941724089787
CD44,DDB1,0.24388934554793
ANK1,FOG1/ZFPM1,0.243456208435523
CD61/ITGB3,MEIS1,0.243352461323556
DDB1,KLF1,0.242207154549062
HIF1A,MEIS1,0.242179144520364
CD36,HPRT1,0.242160730055033
CDK6,P27KIP1/CDKN1B,0.241411114843292
DHRS3,RUNX1,0.241392902292707
GFI1B,SRD5A3,0.241333177577817
ANK1,CD38,0.241070007813608
CD117/KIT,SELP,0.240888359217881
DHRS3,TMOD1,0.240738716571593
CLU,P27KIP1/CDKN1B,0.240622112363263
MYB,P27KIP1/CDKN1B,0.240080365838857
CD38,EIF4EBP1,0.239332064858395
CNRIP1,GABPA,0.239015445821308
ETS1,JAK2,0.23891386232677
CD38,CTNNB1,0.238868921209638
CD36,JAK2,0.238766913625564
CD61/ITGB3,CD71/TFRC,0.238589543182627
CD105/ENG,MEIS1,0.238375769276041
ETS1,SRD5A3,0.238337898700885
EIF4EBP1,P27KIP1/CDKN1B,0.23830807958766
CDK6,LOX,0.238049559566574
DHRS3,MCL1,0.237959984017794
FOG1/ZFPM1,MCL1,0.237877320460037
CD105/ENG,TMEM180/MFSD13A,0.237848778312679
CD36,MYB,0.237631554817696
CD34,SELP,0.23751784760205
CLU,GATA2,0.236295190242215
CD42/GP1BA,SRD5A3,0.236017658896643
CD105/ENG,GATA2,0.235929800784136
FOG1/ZFPM1,LSD1/KDM1A,0.235665747908324
CD71/TFRC,SDPR,0.235441985750933
HPRT1,TMEM180/MFSD13A,0.235376243371545
GABPA,SDPR,0.235298609317064
RUNX1,TMOD1,0.235069684771136
CDK4,CNRIP1,0.234858042499258
CD117/KIT,CLU,0.234805524799486
CD71/TFRC,SPI1,0.234628612126988
CD117/KIT,LOX,0.234485488730292
CD105/ENG,GABPA,0.234243063325019
ETS1,MEIS1,0.234086510267514
CD36,LSD1/KDM1A,0.233893224683439
CD38,RUNX1,0.233830649453782
FHL1,MCL1,0.233619531989157
DDB1,TMOD1,0.233185345030047
CTNNB1,TMEM180/MFSD13A,0.233062246348542
DDB1,TMEM180/MFSD13A,0.232968896705301
CDK4,HIF1A,0.232657253188212
HIF1A,MYB,0.232448023838956
SELP,TAL1,0.232294369534571
DDB1,ETS1,0.232115286814595
GABPA,P27KIP1/CDKN1B,0.232077271141139
LOX,TAL1,0.231763656116218
CD110/MPL,CD9,0.231360804004022
PIM1,TAL1,0.230511882675572
ETS1,SELP,0.230472406549867
CD41/ITGA2B,ETS1,0.230084769352947
HPRT1,KLF1,0.229933747521465
LSD1/KDM1A,VWF,0.22993023282131
LOX,MEIS1,0.229492075892568
LSD1/KDM1A,SDPR,0.229165910821738
CLU,MEIS1,0.228940897369323
CDK6,KLF1,0.228762219950621
EIF4EBP1,LOX,0.228626642020862
CD36,TGFB1,0.228437228327251
CNRIP1,FOG1/ZFPM1,0.228256423152546
CLU,LOX,0.228244445243357
CD9,LSD1/KDM1A,0.228234786815452
TAL1,VWF,0.228203055107841
CD36,RUNX1,0.227903896655539
CD9,RUNX1,0.227895531339674
CLU,DDB1,0.227820736848664
JAK2,MEIS1,0.227815151723341
SPI1,TAL1,0.227749615749021
CD44,HIF1A,0.227511773392144
CNRIP1,GFI1B,0.227468131131392
CD105/ENG,KLF1,0.227336542878547
EIF4EBP1,SDPR,0.226730326360758
ETS1,SPI1,0.226164721662813
CD38,DDB1,0.226144614475016
CD36,DDB1,0.22603702034828
CD36,CD42/GP1BA,0.225918595732302
CD38,GABPA,0.22590709466211
HIF1A,VWF,0.225621008667375
ETS1,MYB,0.225164557705643
CD110/MPL,SRD5A3,0.22516369489567
CD110/MPL,CNRIP1,0.225158595566699
CD34,JAK2,0.225127612225432
CD36,CDK4,0.225121884322642
CD105/ENG,SPI1,0.225072011809486
GATA2,SRD5A3,0.225010205630838
CD9,MCL1,0.224990672364935
P27KIP1/CDKN1B,TAL1,0.224959680008768
GABPA,GATA1,0.224947971392155
CD105/ENG,CD34,0.224922726411141
CD9,CNRIP1,0.224828360529263
CD71/TFRC,RGS18,0.22468138334743
MYB,RGS18,0.224620862541692
GFI1B,TMEM180/MFSD13A,0.224427630444685
CD34,MEIS1,0.22430002414897
CD44,SELP,0.224230893277331
CTNNB1,SPI1,0.224169276405589
CD38,TGFB1,0.224121651032549
GATA1,SDPR,0.224044179852018
FHL1,MYB,0.223307639953635
ANK1,GATA2,0.223267714422784
CD105/ENG,CD36,0.223115432878885
MCL1,RGS18,0.223023277156942
CD42/GP1BA,FOG1/ZFPM1,0.222747368001423
GATA1,VWF,0.222724829154907
JAK2,TMOD1,0.222713290834299
CD38,GATA1,0.222678326160151
CD34,GATA1,0.222581382733104
KLF1,MCL1,0.222075356808935
CXCR4,MCL1,0.221808142726444
MEIS1,P27KIP1/CDKN1B,0.221806905272322
GFI1B,SDPR,0.221676890271995
CD61/ITGB3,CNRIP1,0.22163300294037
DDB1,FOG1/ZFPM1,0.221460911405292
CD61/ITGB3,SDPR,0.221332172268902
CD36,MCL1,0.221116346183554
GABPA,SPI1,0.220804500950727
CD44,GFI1B,0.220762806955367
CDK6,SDPR,0.220736762073117
CD110/MPL,SDPR,0.220086571175907
JAK2,TMEM180/MFSD13A,0.22001984941473
CD42/GP1BA,SELP,0.219564190686748
CD42/GP1BA,RGS18,0.219562032315472
GATA2,SDPR,0.219497393622866
EIF4EBP1,VWF,0.219309577757052
MYB,TMEM180/MFSD13A,0.219233307740207
KLF1,SRD5A3,0.219171296901439
EIF4EBP1,SELP,0.219000267278548
GATA1,SELP,0.218907138365651
HIF1A,SDPR,0.218161465818672
CD44,HPRT1,0.218062013033891
DDB1,P27KIP1/CDKN1B,0.217741613477516
TGFB1,TMOD1,0.217521082491027
DDB1,VWF,0.21746670539065
CD44,P27KIP1/CDKN1B,0.217205073458807
P27KIP1/CDKN1B,RGS18,0.216880280192088
CD44,CLU,0.216859037769137
FOG1/ZFPM1,GATA2,0.216796195070382
CD61/ITGB3,GATA2,0.21662926799868
CD105/ENG,TMOD1,0.216573456968841
HPRT1,LOX,0.216471808141484
FOG1/ZFPM1,HPRT1,0.216106080310743
BIM/BCL2,EIF4EBP1,0.21601634694611
JAK2,KLF1,0.215988742418467
FOG1/ZFPM1,GFI1B,0.21596014021862
CD9,GFI1B,0.215659762090413
CD61/ITGB3,CD9,0.215358592280622
CD105/ENG,CD110/MPL,0.215358044475171
MCL1,TMOD1,0.215350737767338
CD61/ITGB3,CTNNB1,0.215265540384545
CLU,PIM1,0.215198995021111
CD36,CD38,0.214885959011679
CD36,EIF4EBP1,0.214867607640876
CD44,SRD5A3,0.214656552438238
MCL1,TUBB2A,0.214626372906975
CD34,CD9,0.214427986794191
CD9,GATA1,0.214317929572265
ETS1,GFI1B,0.214093520885468
CLU,ETS1,0.214059833199824
DDB1,SDPR,0.213728235133838
EIF4EBP1,FHL1,0.213709604736834
SRD5A3,TMEM180/MFSD13A,0.21332704157079
CD61/ITGB3,EIF4EBP1,0.213281294197348
GFI1B,P27KIP1/CDKN1B,0.213260070059969
CD117/KIT,DHRS3,0.21310846480222
CD105/ENG,CLU,0.212927547784626
HPRT1,SPI1,0.212815519876239
CDK6,FOG1/ZFPM1,0.212459011474682
FOG1/ZFPM1,GABPA,0.212417302334505
CTNNB1,TMOD1,0.212237722364251
CTNNB1,VWF,0.21213486462434
CD117/KIT,CD36,0.212101480986804
CD42/GP1BA,P27KIP1/CDKN1B,0.211945761573099
CD105/ENG,DHRS3,0.211941721673933
CD44,JAK2,0.211752810542778
FHL1,TGFB1,0.211524583119205
CD110/MPL,GABPA,0.210782384293445
CD38,GATA2,0.21072941808042
CXCR4,EIF4EBP1,0.210270313681786
GFI1B,SPI1,0.209730527899159
CDK4,SPI1,0.209715871398657
CD36,CTNNB1,0.209632688065877
BIM/BCL2,LSD1/KDM1A,0.209595052101085
CDK6,VWF,0.209558735853465
HPRT1,MEIS1,0.209407082194959
CDK4,KLF1,0.209338607188242
EIF4EBP1,TMOD1,0.209260487006002
CD36,CDK6,0.209168670338008
CD9,EIF4EBP1,0.209014023004597
FOG1/ZFPM1,JAK2,0.208907414614328
GABPA,MEIS1,0.20850908275825
CD9,TAL1,0.208352261992679
GATA2,SPI1,0.20829679063055
CDK4,DHRS3,0.208048307475072
ETS1,P27KIP1/CDKN1B,0.20778605210743
ANK1,GABPA,0.207681459314598
MEIS1,MYB,0.207557305568704
CD117/KIT,CD9,0.207547211454819
CD41/ITGA2B,RGS18,0.207490150033117
CD44,CD9,0.207374904233292
CD34,VWF,0.207106798400644
FOG1/ZFPM1,MYB,0.206991183646308
CD110/MPL,SPI1,0.206947886463644
CD9,CLU,0.206723083310582
CD105/ENG,P27KIP1/CDKN1B,0.206560170522073
ANK1,VWF,0.206439331843757
CD61/ITGB3,LSD1/KDM1A,0.206403821021565
CD41/ITGA2B,FHL1,0.206139888294341
CD105/ENG,CD44,0.206093546781546
DHRS3,JAK2,0.206016423181761
MEIS1,SRD5A3,0.205969905524157
DHRS3,MYB,0.205927339779254
GATA1,SPI1,0.205884448026327
DDB1,SPI1,0.205844211309462
LSD1/KDM1A,RGS18,0.205793108206019
CNRIP1,CTNNB1,0.205291973231178
CLU,CXCR4,0.205240500430749
DHRS3,EIF4EBP1,0.204636794294937
ETS1,SDPR,0.204491731823109
CD41/ITGA2B,P27KIP1/CDKN1B,0.204251292476357
CD42/GP1BA,TMOD1,0.203756107073337
HPRT1,SDPR,0.203752560526518
CD110/MPL,RGS18,0.203740602065943
CD117/KIT,SDPR,0.203709996161091
MYB,VWF,0.203330328791364
CLU,JAK2,0.20332664600288
JAK2,VWF,0.203133519654
CD42/GP1BA,TUBB2A,0.20312912294465
CD105/ENG,ETS1,0.202983541838634
CD34,SDPR,0.20287282884965
CDK4,FOG1/ZFPM1,0.202744118392008
MYB,SPI1,0.202577358876951
CD36,FOG1/ZFPM1,0.202416312120404
CDK4,TMOD1,0.202340083525137
KLF1,RUNX1,0.202130058698694
CD110/MPL,TMOD1,0.202038360076042
RGS18,TAL1,0.201977346873974
GABPA,SELP,0.201621534694169
DDB1,SELP,0.201590042932964
CD34,P27KIP1/CDKN1B,0.201586054492592
CNRIP1,ETS1,0.201553824777151
SPI1,SRD5A3,0.201489219018225
CD44,LOX,0.201062281725001
HPRT1,TMOD1,0.200995012454332
RGS18,VWF,0.200852174337145
CD110/MPL,CDK4,0.200812450613357
GABPA,TMEM180/MFSD13A,0.200668630197637
DDB1,DHRS3,0.200522486851
CD34,CDK4,0.200511072364652
CDK6,RGS18,0.200463945025574
FOG1/ZFPM1,SDPR,0.20038402907304
PIM1,TGFB1,0.200375685637778
FHL1,TAL1,0.199910589429749
CTNNB1,KLF1,0.199595325384777
CD117/KIT,CD61/ITGB3,0.199272255415129
RGS18,TGFB1,0.199118471120788
CDK4,GABPA,0.199053617882316
DHRS3,HPRT1,0.198938928326338
CD44,SDPR,0.198670419754262
HPRT1,VWF,0.198580677336746
CLU,GFI1B,0.19852868918962
DHRS3,TMEM180/MFSD13A,0.198408050414906
CD61/ITGB3,DDB1,0.198086297635423
JAK2,LOX,0.198024787154514
JAK2,SDPR,0.197953226154666
GATA2,RGS18,0.197882403571492
ETS1,HPRT1,0.19759975064824
ANK1,BIM/BCL2,0.197453436754432
CD44,GABPA,0.197369710966009
CNRIP1,VWF,0.197214922356672
CD34,RGS18,0.197152222710591
CD61/ITGB3,MYB,0.197055649115599
CD105/ENG,LOX,0.196665361774724
ETS1,TMEM180/MFSD13A,0.196638118316031
CD44,KLF1,0.196527518365402
FOG1/ZFPM1,KLF1,0.196271317805384
CDK4,MEIS1,0.196057935378074
GATA2,VWF,0.195591830413202
CD34,CNRIP1,0.195528980669034
CXCR4,GABPA,0.19538176549642
CD117/KIT,RGS18,0.195303868086919
CD38,KLF1,0.194856113769066
CXCR4,TAL1,0.19484325146948
MCL1,PIM1,0.194744952633671
P27KIP1/CDKN1B,SRD5A3,0.194615147595412
SRD5A3,TMOD1,0.194357368523732
CCDC124,CDK6,0.194128753178453
CDK4,VWF,0.194097469886628
CXCR4,LSD1/KDM1A,0.194047935549964
CD9,CTNNB1,0.193922384894634
SRD5A3,VWF,0.193695031924244
CD105/ENG,FOG1/ZFPM1,0.193614009715169
GATA2,LOX,0.193594818433209
GATA1,MEIS1,0.193227591403115
GABPA,RGS18,0.193171702577465
CD9,DDB1,0.192897232097561
CD71/TFRC,TUBB2A,0.192892811806503
HIF1A,SELP,0.192794488662902
CTNNB1,CXCR4,0.192631138082423
CD71/TFRC,P27KIP1/CDKN1B,0.192598726039383
CD105/ENG,SDPR,0.192484077873341
GATA1,TMOD1,0.192465331441428
CTNNB1,TUBB2A,0.192334249703783
BIM/BCL2,CD105/ENG,0.192219235447146
CD42/GP1BA,DHRS3,0.192029547487145
RGS18,RUNX1,0.192022558307421
CD71/TFRC,FHL1,0.191654740134951
KLF1,TGFB1,0.191615463826526
CD44,DHRS3,0.191569021859266
CD44,VWF,0.191313470858086
CTNNB1,RGS18,0.191125419191959
CLU,SRD5A3,0.190920891122273
CD110/MPL,ETS1,0.190708740930313
BIM/BCL2,CD41/ITGA2B,0.190255133835893
BIM/BCL2,CD117/KIT,0.19022817674316
GFI1B,RGS18,0.190213063694467
CD36,GABPA,0.19010876938199
MEIS1,RGS18,0.190007576013131
CD117/KIT,VWF,0.189683802564968
ETS1,GATA2,0.189654288646817
CLU,SELP,0.189651818222861
MYB,TUBB2A,0.189432799993352
CD36,CD44,0.189328491808746
SDPR,SRD5A3,0.189295717987981
CD110/MPL,CD44,0.189185887905655
GATA2,P27KIP1/CDKN1B,0.189138642238024
CTNNB1,FHL1,0.188637325561565
ANK1,SDPR,0.188423670714698
JAK2,SELP,0.188303643437474
GABPA,LOX,0.188299679513707
LOX,SRD5A3,0.188154473908708
CXCR4,RUNX1,0.187953669704938
DDB1,RGS18,0.187822197431287
CD105/ENG,CD38,0.187777101848563
CD41/ITGA2B,PIM1,0.187764372079698
CD9,ETS1,0.187679191754909
BIM/BCL2,CNRIP1,0.18761628579775
CD9,HIF1A,0.187378371296986
BIM/BCL2,CDK6,0.187281307261014
FHL1,RUNX1,0.187126491164705
CD36,TUBB2A,0.187121352858383
CLU,FOG1/ZFPM1,0.186995980071067
CD44,RGS18,0.186902293719969
CD36,SDPR,0.186755675309758
MEIS1,SDPR,0.186641025849993
CDK4,P27KIP1/CDKN1B,0.186610478999628
CLU,FOXO3,0.186509593550768
FOG1/ZFPM1,SRD5A3,0.186382066728418
GABPA,TUBB2A,0.186331175138953
LOX,SELP,0.186215609455922
CD42/GP1BA,PIM1,0.186126909173838
CD42/GP1BA,CD47,0.185951153189315
CD110/MPL,SELP,0.185934747154494
CD36,HIF1A,0.185824442505369
BIM/BCL2,GATA1,0.185700726982121
ETS1,GATA1,0.184899760666185
CD34,CD36,0.184194245381132
SDPR,VWF,0.183802926522212
BIM/BCL2,MCL1,0.183588010740609
CNRIP1,HIF1A,0.183537502561429
CCDC124,RUNX1,0.183479479919328
CD38,CDK4,0.183470547831841
CD9,CDK6,0.183444043802079
CD38,SRD5A3,0.183279403245557
CCDC124,MCL1,0.183143308863112
CD38,CD42/GP1BA,0.183108782275086
ETS1,RGS18,0.183023351529668
CD36,SRD5A3,0.183013112590793
HIF1A,LOX,0.182991833188542
CCDC124,CD71/TFRC,0.18264061860897
CD71/TFRC,PIM1,0.182510744908522
CDK6,DHRS3,0.182410251592809
CCDC124,CD41/ITGA2B,0.182381789535405
ANK1,CD34,0.1822966569895
MEIS1,SPI1,0.182213728830363
CCDC124,TAL1,0.182202634718754
CD47,TGFB1,0.182002722696214
DDB1,PIM1,0.181933820774879
FOXO3,TAL1,0.181824386457524
CNRIP1,SDPR,0.181750146962643
GATA2,TMEM180/MFSD13A,0.181628499030826
CNRIP1,RGS18,0.181584657923947
ANK1,MEIS1,0.181409065596121
FOXO3,P27KIP1/CDKN1B,0.18127969643833
CDK4,CLU,0.181250994622006
CD44,CDK4,0.181078928103697
CD9,GATA2,0.181043322257261
LSD1/KDM1A,PIM1,0.180978575916947
CD105/ENG,SELP,0.180970178751304
CD44,MEIS1,0.180887477177711
CD61/ITGB3,HIF1A,0.180821796790126
HIF1A,TMEM180/MFSD13A,0.180685077906525
MEIS1,SELP,0.180655846027365
CXCR4,SDPR,0.180605118400438
SELP,SRD5A3,0.180208342412528
ANK1,CD9,0.180028823280723
JAK2,SPI1,0.179661875015994
CD61/ITGB3,HPRT1,0.179616761786528
P27KIP1/CDKN1B,TMEM180/MFSD13A,0.179554089750234
DHRS3,GFI1B,0.179546217508041
FOG1/ZFPM1,HIF1A,0.179351138435698
CD110/MPL,TMEM180/MFSD13A,0.17899468886466
CXCR4,TGFB1,0.178979372783209
CXCR4,MYB,0.178690831043707
CNRIP1,SELP,0.178621306500316
CCDC124,LSD1/KDM1A,0.178590165730129
CD44,FHL1,0.178522064913947
FOG1/ZFPM1,P27KIP1/CDKN1B,0.17847858243282
CLU,SPI1,0.178473127748534
GATA2,PIM1,0.178408303824802
BIM/BCL2,CDK4,0.178207597583185
CD34,FHL1,0.178161061736347
TAL1,TUBB2A,0.178148993691907
CDK6,FHL1,0.177897595793807
CD42/GP1BA,CXCR4,0.177887060601212
CD42/GP1BA,KLF1,0.177676603724672
CD61/ITGB3,CDK4,0.177478241944244
EIF4EBP1,RGS18,0.177308626915175
CD38,DHRS3,0.177286650430365
CD38,TMEM180/MFSD13A,0.177085266415736
PIM1,RUNX1,0.176966519472443
ANK1,HIF1A,0.176545435853124
FHL1,VWF,0.17625372074101
ANK1,LOX,0.175906365262127
CD47,CTNNB1,0.175779421800546
MYB,SELP,0.175729156116821
CD38,JAK2,0.175569759110048
LOX,SPI1,0.175233635819773
ETS1,FHL1,0.175226783096562
CD36,GFI1B,0.175098937252252
FOG1/ZFPM1,MEIS1,0.174985078499287
CLU,RGS18,0.174711841143449
BIM/BCL2,KLF1,0.174626742121706
CD9,MYB,0.174600019378415
HPRT1,P27KIP1/CDKN1B,0.174489870071936
GATA2,TMOD1,0.17429438492622
EIF4EBP1,TUBB2A,0.174246201968938
ANK1,SPI1,0.174167036419365
HIF1A,P27KIP1/CDKN1B,0.173590484916222
CD9,SDPR,0.17355283348
CD117/KIT,FHL1,0.173046494725041
CD117/KIT,FOG1/ZFPM1,0.17296743672772
BIM/BCL2,TGFB1,0.172793582526129
CD9,HPRT1,0.172756202817
GATA1,RGS18,0.172755037879334
BIM/BCL2,HPRT1,0.172349744083873
CD117/KIT,P27KIP1/CDKN1B,0.172319386505551
KLF1,TMEM180/MFSD13A,0.172164795067955
HPRT1,SELP,0.17209088018188
GATA2,KLF1,0.17201395720372
HPRT1,RGS18,0.171927561916956
CD105/ENG,PIM1,0.171855645407956
GATA1,LOX,0.171673576453601
CD9,GABPA,0.171638041762961
BIM/BCL2,TMEM180/MFSD13A,0.171550707300194
CNRIP1,MEIS1,0.171506143067442
CD38,FOG1/ZFPM1,0.171505954554638
CD38,CLU,0.171349308618838
CXCR4,DDB1,0.171332859379306
FHL1,SRD5A3,0.171140396595007
CD47,MYB,0.171004924217754
CD105/ENG,VWF,0.170941359549389
FHL1,GFI1B,0.170929444220293
CD61/ITGB3,JAK2,0.170927534639156
FHL1,GABPA,0.170886607149305
CD38,HIF1A,0.170781775372636
HIF1A,RGS18,0.170760280984842
CD105/ENG,CD9,0.170299369007782
CD105/ENG,TUBB2A,0.170036586851616
FOG1/ZFPM1,TMEM180/MFSD13A,0.169929002264752
CD34,CD61/ITGB3,0.1696829353134
CD41/ITGA2B,TUBB2A,0.169331858307409
GFI1B,SELP,0.16929625404387
CD9,JAK2,0.168982887049872
CCDC124,EIF4EBP1,0.168946107694744
CDK4,ETS1,0.168787285333852
CD61/ITGB3,CDK6,0.16878147500004
CD9,SPI1,0.168745269429007
JAK2,P27KIP1/CDKN1B,0.168631399893978
SPI1,TMEM180/MFSD13A,0.168544147778837
CD34,TMEM180/MFSD13A,0.168222897052121
BIM/BCL2,MYB,0.168053631586628
CD34,DHRS3,0.167763587868853
EIF4EBP1,PIM1,0.167708620890712
CTNNB1,PIM1,0.167695093530271
CD110/MPL,CD36,0.167639139997157
CD61/ITGB3,FOG1/ZFPM1,0.167617451528258
CTNNB1,DHRS3,0.167597264359187
CD71/TFRC,CXCR4,0.167462872063747
CDK4,SDPR,0.167326158590615
CD110/MPL,P27KIP1/CDKN1B,0.16681429787075
CD61/ITGB3,SPI1,0.166648615643928
DHRS3,SRD5A3,0.16660975626028
CD105/ENG,RGS18,0.166583773301001
DHRS3,GATA2,0.166525662262904
CD61/ITGB3,RGS18,0.166504877367652
HIF1A,TMOD1,0.166371192155828
MEIS1,TMEM180/MFSD13A,0.166081691345217
CD34,CD38,0.165913920799301
CD36,SELP,0.165905378571459
CD9,SELP,0.165847527179765
CD47,CD71/TFRC,0.165690532866457
CD110/MPL,FOG1/ZFPM1,0.165683993740619
SPI1,VWF,0.165651111237651
CD9,CDK4,0.165626925259674
CLU,CNRIP1,0.16555055037738
CD9,LOX,0.165541953841856
ANK1,RGS18,0.165396847192051
CD47,MCL1,0.16538348852115
CNRIP1,TUBB2A,0.16537459368947
HPRT1,PIM1,0.165126366326448
ANK1,SELP,0.164966320524654
SDPR,TMOD1,0.164894860920981
BIM/BCL2,TAL1,0.164855008191922
JAK2,RGS18,0.164661079176239
CCDC124,CD105/ENG,0.164619809451027
CD36,GATA2,0.1645766171543
CLU,GATA1,0.164431975864012
CCDC124,HPRT1,0.163974411192304
CD38,SDPR,0.163881146926765
BIM/BCL2,JAK2,0.163743328001742
FOXO3,RGS18,0.162826384427574
GATA1,PIM1,0.16272065817339
CXCR4,ETS1,0.162337723532269
FHL1,LSD1/KDM1A,0.16231998019882
ETS1,VWF,0.162279811111036
CD47,CDK6,0.161933125156662
BIM/BCL2,CD42/GP1BA,0.161833250695853
LOX,P27KIP1/CDKN1B,0.16182692612631
CCDC124,GFI1B,0.161746781414471
CCDC124,TGFB1,0.161672267909324
CD44,TMEM180/MFSD13A,0.161019018176182
CD105/ENG,CXCR4,0.160533501144661
CD36,CD61/ITGB3,0.160467105560775
FOXO3,RUNX1,0.160458695982789
SDPR,TMEM180/MFSD13A,0.160404954438396
CD42/GP1BA,FHL1,0.160113233876174
DDB1,FHL1,0.160054479046525
CD41/ITGA2B,CXCR4,0.159764095731848
CD61/ITGB3,PIM1,0.159679378794438
CDK6,CXCR4,0.159554555724348
FOXO3,SRD5A3,0.159023471673214
CDK4,LOX,0.158805916172269
CDK4,PIM1,0.158532832502673
CD34,FOG1/ZFPM1,0.158462460094791
CTNNB1,FOXO3,0.15837721885557
BIM/BCL2,SRD5A3,0.158301164053325
CD44,TMOD1,0.158242259147584
CD47,TAL1,0.158211544234061
ANK1,TUBB2A,0.158182381305759
ETS1,FOXO3,0.157757141111012
CD117/KIT,CD47,0.157734659483416
CCDC124,DDB1,0.157682960391583
GABPA,VWF,0.157664092004708
CXCR4,TMEM180/MFSD13A,0.157441005746794
ANK1,ETS1,0.1574366320796
CXCR4,RGS18,0.157159043224104
ANK1,CLU,0.157110740894561
CDK4,RGS18,0.157010271145955
RGS18,TMEM180/MFSD13A,0.156704755812866
CD36,CLU,0.156702830281124
LOX,TMEM180/MFSD13A,0.156564196155486
CD44,PIM1,0.156163057341009
CD36,TMEM180/MFSD13A,0.15612966153209
DHRS3,GABPA,0.156100698714845
CCDC124,SRD5A3,0.155989557686943
PIM1,SDPR,0.155818683511888
CD47,EIF4EBP1,0.15576318785933
CCDC124,GATA1,0.15557920515094
PIM1,VWF,0.155436516150083
LOX,SDPR,0.155383192588617
CXCR4,SRD5A3,0.155114996780706
SELP,TMEM180/MFSD13A,0.15497261583888
ETS1,LOX,0.154886605160778
CD34,TMOD1,0.154806877527166
BIM/BCL2,RUNX1,0.154785936779193
CLU,TUBB2A,0.154768787531766
CNRIP1,SPI1,0.154589107513514
FOXO3,MCL1,0.154584759995246
CDK6,PIM1,0.154564949109506
RGS18,SRD5A3,0.154411763663538
CNRIP1,LOX,0.154316065637561
FHL1,GATA2,0.154254588804677
GABPA,TMOD1,0.154163567783768
CCDC124,CDK4,0.154031434853474
CD61/ITGB3,DHRS3,0.153921615614896
CCDC124,FOG1/ZFPM1,0.153827951756947
CD61/ITGB3,GABPA,0.15360976819157
CD36,MEIS1,0.153531229279125
CD110/MPL,PIM1,0.153493931535828
CD71/TFRC,FOXO3,0.153370428370622
GABPA,PIM1,0.153363433765678
CD47,LSD1/KDM1A,0.153331162072344
CDK4,SELP,0.153261989667864
MYB,PIM1,0.153086696098155
CD9,DHRS3,0.152985225276513
CD105/ENG,CD61/ITGB3,0.152754449625288
P27KIP1/CDKN1B,SPI1,0.15268694352793
CD117/KIT,TUBB2A,0.152422964174299
BIM/BCL2,DDB1,0.15232849469793
GFI1B,KLF1,0.152112647338898
CD110/MPL,KLF1,0.151920133764628
P27KIP1/CDKN1B,VWF,0.151830926077978
BIM/BCL2,DHRS3,0.151764094004197
GFI1B,TUBB2A,0.15172214769425
CD61/ITGB3,P27KIP1/CDKN1B,0.151658504092275
GABPA,KLF1,0.151620680337851
CDK4,FHL1,0.151619324435494
TMEM180/MFSD13A,VWF,0.151453705620272
FHL1,HPRT1,0.151334865416078
CD34,PIM1,0.151100632303424
CNRIP1,P27KIP1/CDKN1B,0.150929677940307
BIM/BCL2,GABPA,0.150872278705203
CD42/GP1BA,FOXO3,0.150737125281337
CDK4,CXCR4,0.150700731302257
HIF1A,PIM1,0.15047885669087
CD36,LOX,0.150288389881785
CD47,GABPA,0.150282649345069
CD9,KLF1,0.150199911305169
CD105/ENG,FOXO3,0.150084164027795
P27KIP1/CDKN1B,TMOD1,0.149827476788458
FHL1,SDPR,0.149682140983005
CXCR4,P27KIP1/CDKN1B,0.14955376515081
DHRS3,SELP,0.149460989813499
GFI1B,TMOD1,0.148900374649496
CXCR4,HIF1A,0.148715160977221
CD38,GFI1B,0.148679299906926
CD110/MPL,CXCR4,0.148529456179267
FOXO3,GABPA,0.148522266466786
LOX,TUBB2A,0.148371716518475
TGFB1,TUBB2A,0.148325367778082
CD47,HPRT1,0.148133890838047
CDK4,TUBB2A,0.148107335606976
FOG1/ZFPM1,TMOD1,0.148017952348154
SDPR,SPI1,0.148008275148003
DHRS3,SDPR,0.147670279297718
CD44,FOG1/ZFPM1,0.147405177582429
CD61/ITGB3,TMEM180/MFSD13A,0.14739003649093
FHL1,GATA1,0.14730323551819
FHL1,FOG1/ZFPM1,0.147212482728112
TMEM180/MFSD13A,TMOD1,0.147107472697594
CD36,SPI1,0.147001556867419
CD61/ITGB3,SRD5A3,0.146837858982958
DHRS3,LOX,0.146452685005915
FHL1,RGS18,0.1462237374092
LOX,RGS18,0.146192221473781
SELP,SPI1,0.146126216699678
PIM1,SRD5A3,0.145782792345808
DDB1,TUBB2A,0.145482515599904
CD36,FHL1,0.145391937053555
SELP,VWF,0.145357880970392
JAK2,TUBB2A,0.145325301232999
RGS18,SPI1,0.145307876907295
CD34,KLF1,0.145290212976529
CCDC124,CD117/KIT,0.145141514296747
CD117/KIT,CXCR4,0.14486402292737
CCDC124,JAK2,0.14484846215394
CXCR4,GFI1B,0.144795476259916
FHL1,LOX,0.14474288736267
EIF4EBP1,FOXO3,0.144548593497212
RUNX1,TUBB2A,0.144478644542277
FOXO3,JAK2,0.144428259725544
CCDC124,CD42/GP1BA,0.144322282889969
FOXO3,VWF,0.144228855200468
FOXO3,SDPR,0.144202730522985
CCDC124,CTNNB1,0.144196059214683
CNRIP1,FHL1,0.144161214644038
CXCR4,SPI1,0.144056784255823
CD36,RGS18,0.144005696615981
FHL1,JAK2,0.143933591528903
CD34,CXCR4,0.143868490417884
CXCR4,JAK2,0.143832326233555
CD9,FHL1,0.143655905869452
CD9,CXCR4,0.143572162683669
ETS1,TMOD1,0.143399070473458
SPI1,TUBB2A,0.143375182309953
SDPR,SELP,0.143232279134183
CD47,RUNX1,0.143212944714791
DHRS3,HIF1A,0.143128965738244
CD47,DDB1,0.142954780882862
GATA1,P27KIP1/CDKN1B,0.142673611453414
CD105/ENG,CD47,0.142543380481031
ETS1,FOG1/ZFPM1,0.142151384967311
CD36,VWF,0.141923121536902
ANK1,PIM1,0.141865349880652
FHL1,HIF1A,0.141848726151573
FOG1/ZFPM1,RGS18,0.141716052441247
CXCR4,VWF,0.141571241493951
CD38,TMOD1,0.141100248608766
CD38,CD9,0.141023560856838
LOX,TMOD1,0.140423479339718
CD41/ITGA2B,CD47,0.140170070035603
ETS1,TUBB2A,0.140070343094207
CD36,ETS1,0.139965713660936
RGS18,TMOD1,0.139771387358655
CXCR4,MEIS1,0.139683051942099
CD9,TMEM180/MFSD13A,0.139594477626328
FOXO3,GFI1B,0.139584479388828
CDK6,TUBB2A,0.139558100485278
CCDC124,HIF1A,0.139413997220576
DHRS3,PIM1,0.139346580331993
DHRS3,TUBB2A,0.139256422674191
TUBB2A,VWF,0.139120460699471
CXCR4,GATA2,0.139079788485879
ANK1,FHL1,0.139061340191609
CDK4,FOXO3,0.138853237931874
CD61/ITGB3,SELP,0.13881641944143
FOG1/ZFPM1,PIM1,0.138802145806021
SRD5A3,TUBB2A,0.138668205210585
ANK1,CCDC124,0.138570174996714
DHRS3,ETS1,0.138306441649069
FHL1,SPI1,0.138178722738628
CD110/MPL,FHL1,0.138092675359294
CD9,SRD5A3,0.137937812774819
HPRT1,TUBB2A,0.137802278393349
FOXO3,TGFB1,0.137795062754633
MEIS1,PIM1,0.137488771193277
HIF1A,TUBB2A,0.137370443468094
CD47,TMOD1,0.137237498099585
CD38,CD44,0.137207910983774
FOXO3,MYB,0.136960284353974
TMOD1,TUBB2A,0.136356233978563
CD41/ITGA2B,FOXO3,0.136338600124109
CD34,TUBB2A,0.1357988316224
CXCR4,HPRT1,0.135760993498958
CLU,TMOD1,0.135654634879981
CD61/ITGB3,FHL1,0.135470704467263
PIM1,SPI1,0.134731562406692
LSD1/KDM1A,TUBB2A,0.134731037139463
CCDC124,CD110/MPL,0.134694686109603
CD9,P27KIP1/CDKN1B,0.134648373339697
FOG1/ZFPM1,VWF,0.134611429604574
CD36,CD9,0.134608105946303
CD38,MEIS1,0.134564336032945
CD110/MPL,TUBB2A,0.134207320482181
CD47,MEIS1,0.134123569267939
CD61/ITGB3,ETS1,0.133668246332953
CD47,SRD5A3,0.133539111935415
RGS18,SELP,0.1332431671686
CNRIP1,PIM1,0.133108322446067
FOG1/ZFPM1,TUBB2A,0.132873737024772
CDK6,FOXO3,0.132715954746804
DDB1,FOXO3,0.132684823561717
BIM/BCL2,CD110/MPL,0.132607784712532
CLU,DHRS3,0.132579076330538
FHL1,FOXO3,0.132519474152628
CD105/ENG,FHL1,0.132329574779686
CD110/MPL,DHRS3,0.132207466810188
CD47,JAK2,0.132175819172962
CD117/KIT,FOXO3,0.132040685946654
CD36,PIM1,0.131122561662721
SDPR,TUBB2A,0.131077453831785
MEIS1,TMOD1,0.130930938316652
CCDC124,MYB,0.130691039868313
CD47,HIF1A,0.130564872556355
BIM/BCL2,FOG1/ZFPM1,0.129927242809786
CCDC124,GATA2,0.129720418252771
CD47,CNRIP1,0.129624994052575
CXCR4,FHL1,0.12955480715433
FOXO3,SPI1,0.129522532127337
CD47,LOX,0.129461781598461
FOG1/ZFPM1,SPI1,0.129277844431022
KLF1,LOX,0.129151476229076
DHRS3,SPI1,0.129140745780477
CD38,P27KIP1/CDKN1B,0.12857593771082
CD61/ITGB3,KLF1,0.128558648923975
CD38,LOX,0.128500962678478
GFI1B,PIM1,0.128448537839011
CXCR4,TMOD1,0.128436664868857
BIM/BCL2,GFI1B,0.128397631933419
CD38,ETS1,0.127969081478808
BIM/BCL2,LOX,0.127566922385499
CLU,TMEM180/MFSD13A,0.126866708373548
KLF1,MEIS1,0.126751594922517
CD61/ITGB3,TMOD1,0.126594629408612
ANK1,P27KIP1/CDKN1B,0.126324694886117
CD110/MPL,CD47,0.126244020915797
CCDC124,CLU,0.12622455544808
GATA1,TUBB2A,0.126138910497849
GATA2,TUBB2A,0.126069843805445
CD117/KIT,PIM1,0.125877467856374
BIM/BCL2,TUBB2A,0.125708099474906
CCDC124,CD61/ITGB3,0.125697300410582
P27KIP1/CDKN1B,TUBB2A,0.125129710127341
DHRS3,FOG1/ZFPM1,0.125055383176849
CD38,CD61/ITGB3,0.125004267695803
CD61/ITGB3,TUBB2A,0.124891226754928
CD110/MPL,CD38,0.12484642989989
CCDC124,GABPA,0.124520201186126
FHL1,TMEM180/MFSD13A,0.124425995209491
BIM/BCL2,VWF,0.124259591297232
CXCR4,GATA1,0.124082886244622
FHL1,MEIS1,0.123995276542888
CD38,SELP,0.123858033968309
HIF1A,KLF1,0.12385749629567
CXCR4,FOXO3,0.123815441020725
CD38,SPI1,0.123704173173545
FOG1/ZFPM1,LOX,0.123640744893018
CD9,FOG1/ZFPM1,0.123607761605181
MEIS1,TUBB2A,0.123499482571263
FOXO3,MEIS1,0.12320588469728
CCDC124,CD34,0.1230326714286
CD38,RGS18,0.122896488484385
FOXO3,LSD1/KDM1A,0.122447785575058
TMOD1,VWF,0.122444310624551
CXCR4,PIM1,0.122424561952428
CD36,CD47,0.122133375839279
PIM1,RGS18,0.122035225938202
CCDC124,CD44,0.121797211184802
FHL1,PIM1,0.121423279765571
FHL1,TUBB2A,0.121411390362623
DHRS3,MEIS1,0.121266734639503
KLF1,SPI1,0.120370658555292
CD38,TUBB2A,0.120051841579812
DHRS3,RGS18,0.119848235145148
FHL1,TMOD1,0.119783105417832
JAK2,PIM1,0.119740360843348
FOXO3,LOX,0.119620802858748
KLF1,SELP,0.119603112683111
BIM/BCL2,SPI1,0.119498233905116
SPI1,TMOD1,0.119259086505015
SELP,TMOD1,0.119029345819139
CCDC124,TMEM180/MFSD13A,0.118723525826016
LOX,PIM1,0.117906928425952
CXCR4,LOX,0.117799656749312
CD36,CXCR4,0.117756015123383
KLF1,TUBB2A,0.117094058709667
CD47,SPI1,0.116439074476077
KLF1,VWF,0.116310847446137
CNRIP1,CXCR4,0.116296107953629
CD9,TUBB2A,0.116236883787918
CD47,GATA2,0.115944046241982
CD47,CDK4,0.115900916376488
CD47,GFI1B,0.115888600415309
BIM/BCL2,TMOD1,0.115833125946412
CD61/ITGB3,CXCR4,0.115820971940526
CD47,CLU,0.11564182310986
TMEM180/MFSD13A,TUBB2A,0.115203626765366
BIM/BCL2,GATA2,0.115196684093378
FOXO3,GATA2,0.114920068137486
CCDC124,VWF,0.114830847313361
CD38,VWF,0.11481070372143
CCDC124,CD36,0.114475515651202
ANK1,CXCR4,0.114433623199599
FHL1,SELP,0.114397352847362
CD44,TUBB2A,0.113995974389005
BIM/BCL2,CD36,0.11392889588407
CD44,CXCR4,0.113897380064551
CXCR4,FOG1/ZFPM1,0.11389061964395
CD38,CXCR4,0.113290640528225
DHRS3,FHL1,0.113283606958041
CD47,TUBB2A,0.113022330884765
CXCR4,SELP,0.112794069210369
BIM/BCL2,CLU,0.112253019177852
CD110/MPL,FOXO3,0.112104343759676
CCDC124,CNRIP1,0.111967472650478
RGS18,TUBB2A,0.111800603131034
BIM/BCL2,CD61/ITGB3,0.111322027073423
CXCR4,TUBB2A,0.111077288451032
FOXO3,HPRT1,0.110952391996864
CCDC124,KLF1,0.110914008888425
ETS1,PIM1,0.110770145474649
SELP,TUBB2A,0.110171274189951
P27KIP1/CDKN1B,SELP,0.110087681635655
CCDC124,SPI1,0.109910295898846
PIM1,TUBB2A,0.109854292303022
P27KIP1/CDKN1B,PIM1,0.109633850090023
ETS1,KLF1,0.10933105339213
BIM/BCL2,CTNNB1,0.109316029601822
CD44,FOXO3,0.109311071160251
CCDC124,DHRS3,0.108751519689928
CD38,FHL1,0.108004736136569
CD47,ETS1,0.107877723814804
CCDC124,MEIS1,0.107854695084476
KLF1,SDPR,0.107770638242805
CNRIP1,FOXO3,0.107701667814459
FOG1/ZFPM1,FOXO3,0.107401203508397
FOG1/ZFPM1,SELP,0.107200857618241
CD44,CD47,0.107194190480697
CCDC124,LOX,0.107171183107827
BIM/BCL2,FHL1,0.106874757567881
CD34,CD47,0.106301790346887
CD34,FOXO3,0.106110443365778
BIM/BCL2,ETS1,0.10546223766231
ANK1,CD47,0.105359333176951
PIM1,TMOD1,0.105056733272115
BIM/BCL2,CD34,0.104985644244226
FOXO3,TMOD1,0.104082205823234
FOXO3,GATA1,0.103981072230944
CCDC124,SELP,0.103762389552837
BIM/BCL2,SDPR,0.103465370122292
DHRS3,VWF,0.103362747266031
CD47,P27KIP1/CDKN1B,0.10311713441562
CD9,TMOD1,0.103040885530286
CD47,TMEM180/MFSD13A,0.102988418615404
FOXO3,TMEM180/MFSD13A,0.102942662982071
CCDC124,SDPR,0.102872465340481
KLF1,PIM1,0.102546193913644
CCDC124,ETS1,0.102408982635327
CD47,FOG1/ZFPM1,0.102318406250027
FOXO3,HIF1A,0.102149968764135
CD36,P27KIP1/CDKN1B,0.102129582550409
BIM/BCL2,CD44,0.102080440818258
CD38,PIM1,0.100860931667453
CD38,FOXO3,0.100519636804328
BIM/BCL2,HIF1A,0.100414507573991
CD47,RGS18,0.100029690892302
FOXO3,SELP,0.099799589099572
CD9,RGS18,0.09873789382994
BIM/BCL2,P27KIP1/CDKN1B,0.098491179779496
CD47,DHRS3,0.098022110873793
CD47,SDPR,0.097219652561111
CD47,KLF1,0.096376977356975
BIM/BCL2,MEIS1,0.096369106566305
KLF1,RGS18,0.096279226688854
CCDC124,TMOD1,0.095354707929092
CD38,CD47,0.094913082073535
BIM/BCL2,CXCR4,0.0946999141853
FOXO3,KLF1,0.094633919004539
CLU,KLF1,0.094219871305128
PIM1,TMEM180/MFSD13A,0.093352769533185
KLF1,P27KIP1/CDKN1B,0.093296454926691
BIM/BCL2,CD38,0.092593897867487
DHRS3,P27KIP1/CDKN1B,0.092542269958515
BIM/BCL2,PIM1,0.092368353061256
CD47,FOXO3,0.092188988888239
BIM/BCL2,RGS18,0.090875264370211
CD47,SELP,0.089691343388903
BIM/BCL2,FOXO3,0.089370905034295
CXCR4,KLF1,0.088788174106418
CCDC124,PIM1,0.088750867625881
CCDC124,CXCR4,0.088462219144811
CCDC124,RGS18,0.08787683943262
CCDC124,CD38,0.087665848237265
ANK1,FOXO3,0.087172983111971
CD47,CD61/ITGB3,0.087052232871604
DHRS3,FOXO3,0.086754376621391
CXCR4,DHRS3,0.08651153220178
FHL1,KLF1,0.086364383877133
BIM/BCL2,CCDC124,0.086180449904733
CD9,FOXO3,0.086140868290249
CD47,VWF,0.085800511150002
CD47,GATA1,0.085599905763969
FOXO3,TUBB2A,0.085491852806891
CD47,CD9,0.084851613588596
BIM/BCL2,CD9,0.084579847405281
CD61/ITGB3,FOXO3,0.083933364281896
CD47,PIM1,0.082778715641194
PIM1,SELP,0.082756143345345
CCDC124,CD9,0.08232799284033
CCDC124,FHL1,0.081836031054999
CD9,PIM1,0.081673672811525
BIM/BCL2,CD47,0.081422417439996
CD36,FOXO3,0.079749402605249
CCDC124,P27KIP1/CDKN1B,0.079649617747276
FOXO3,PIM1,0.079380919890388
CD47,FHL1,0.076600527198635
CD47,CXCR4,0.075767498844948
CCDC124,TUBB2A,0.070718292607194
BIM/BCL2,SELP,0.070017447690262
CCDC124,FOXO3,0.065663059349515
CCDC124,CD47,0.06343420390778
